rownum,sample_place_name,sample_place_type,lng_X,lat_Y,top7emojis,top_emoji
0,place1,Lodging,-77.038724,38.897848,"['🔥', '🚒', '☀️', '😝', '👏🏻', '💙', '🐘']",🔥
2,place2,Nature,-77.026898,38.917768,"['🚚', '😢']",🚚
5,place3,Z_Other,-77.064102,38.897874,"['😩', '🙈', '👏🏻', '😘', '😂', '💃🏼', '🤙🏾']",😩
13,place4,Lodging,-77.092642,38.901053,"['❤️', '😎', '👣', '😘', '💰', '💵', '🌺']",❤️
17,place5,Community_govt,-76.986829,38.903332,"['🇺🇸', '❤️','🏛️', '🤔', '😍']",🇺🇸
19,place6,Z_Other,-77.019932,38.895094,['❗'],❗
20,place7,Nature,-77.050188,38.905067,"['⚾', '❤️', '🔥', '📺', '😎', '😍']",⚾
22,place8,Attraction,-77.026091,38.900185,"['🚀', '😎', '🌒', '❤️', '🌔', '😍']",🚀
25,place9,Nature,-77.032871,38.911602,"['☔', '✊', '📍', '😧', '😊']",☔
36,place10,Education,-77.035258,38.848304,"['❤️', '🎓', '💙', '💛', '👀', '📸']",❤️
37,place11,Z_Other,-77.069725,38.902962,"['🎾', '🏀', '🏐', '➡️', '👨\u200d🎓', '👍', '😂']",🎾
39,place12,Eatery,-77.021798,38.909652,"['💛', '👼🏾', '🚶🏿', '🙏🏼', '🤣', '🤤', '🎤']",💛
43,place13,Attraction,-77.022915,38.909652,"['❤️', '🏛️', '📍', '😍', '💛', '💜']",❤️
48,place14,Attraction,-77.021696,38.904874,"['🦋', '🐛', '🕷️', '❤️', '😱', '🖤', '💕']",🦋
53,place15,Medical,-77.039023,38.907801,"['😻', '🌈']",😻
58,place16,Bar,-77.09553,38.909648,"['🌮', '🥃', '😍', '📸', '🌽', '🍝', '🍻']",🌮
61,place18,Attraction,-77.022727,38.900224,"['✊🏾', '❤️', '📸', '✊🏽', '✨', '😍', '🤗']",✊🏾
65,place19,Lodging,-77.026066,38.905647,"['🍸', '📚', '🥃', '🌈', '🍾', '🍺', '🥂']",🍸
66,place20,Z_Other,-77.029948,38.896945,"['😂', '🍁', '😁', '🌿', '📸', '🐫', '🔞']",😂
85,place22,Z_Other,-77.067525,38.875967,['❤️'],❤️
97,place25,Shopping,-77.04842,38.901855,"['💜', '💰', '👇🏼', '😎', '👋', '🍾']",💜
99,place26,Attraction,-77.022851,38.901888,"['🐾', '🍕', '💙', '💪']",🐾
100,place27,Nature,-77.029451,38.895793,"['❤️', '💕', '😎', '😋', '🤤', '☀️', '😍']",❤️
103,place28,Attraction,-77.019889,38.880164,"['🚒', '🔥', '😭', '📱', '🌚', '📍', '🙈']",🚒
104,place29,Bar,-77.022979,38.894093,"['🐉', '👸', '😱', '🤴', '❤️', '😂', '⚔️']",🐉
111,place30,Work,-77.03206,38.910558,"['💋', '😂', '☺️', '👌🏾']",💋
117,place31,Z_Other,-77.070126,38.908689,"['✨', '✊🏽', '✊🏾', '💘', '✊🏼', '✊🏿']",✨
120,place32,Eatery,-76.9971,38.895678,"['😊', '🙄', '😂', '🤡', '👢', '😛']",😊
125,place34,Z_Other,-77.022958,38.908178,"['📸', '🔥', '😘', '♥️', '😍', '😭', '❤️']",📸
133,place35,Bar,-77.047591,38.877346,"['🍻', '🏈', '🍔', '🎃', '📸', '🍕']",🍻
136,place36,Lodging,-77.071248,38.881061,"['❤️', '💙', '😂', '😭', '🤗', '📌', '💗']",❤️
137,place37,Eatery,-77.044214,38.899261,"['✨', '🙂', '🥂', '🐙', '🌽', '🤵🏼']",✨
141,place38,Bar,-77.023473,38.852211,"['🍷', '🍻', '🥃', '🏈', '🌹', '🌮', '🌽']",🍷
143,place39,Entertainment,-77.04353,38.890401,"['❤️', '😍', '🤓', '😂', '🏐', '😭', '☕']",❤️
144,place40,Community_govt,-77.01754,38.890401,"['🌿', '🍃', '🌵', '🌷', '🌴', '🌺', '🌱']",🌿
148,place41,Z_Other,-77.069019,38.916296,"['🎫', '😭', '🔨', '🐶', '📷', '🤗', '🙃']",🎫
150,place42,Community_govt,-77.022158,38.898794,"['✈️', '❤️', '😂', '🛫', '😎', '😩']",✈️
152,place43,Bar,-77.054813,38.843196,['🍕'],🍕
153,place44,Work,-77.019335,38.903727,"['🍕', '🍺']",🍕
154,place45,Bar,-77.033286,38.905645,"['📸', '☕', '👍', '🍳', '🌧️']",📸
158,place46,Entertainment,-77.059178,38.879851,"['❤️', '🏀', '😍', '🔥', '😭', '💙', '✨']",❤️
160,place47,Bar,-77.016979,38.89923,"['🐩', '👍🏾', '😋', '🤤', '😍', '🐱', '🐈']",🐩
175,place48,,-77.009826,38.900016,"['🍡', '👾', '😏', '➡️']",🍡
176,place49,Medical,-77.026048,38.885815,"['😭', '😩', '💯', '🙏🏽', '😷']",😭
183,place51,Eatery,-77.036412,38.88207,"['😋', '💕', '❤️', '🤤', '👌', '🎂', '😍']",😋
184,place52,Z_Other,-77.046943,38.889575,"['📸', '🙏', '🍷', '🎋', '♥️', '✊🏽']",📸
190,place53,Transit,-77.072139,38.907056,"['😅', '☺️']",😅
192,place54,Z_Other,-76.994526,38.909652,"['☀️', '🔥', '🤗', '🎶', '🌽', '💦', '🌴']",☀️
193,place55,Work,-77.069424,38.897832,"['📺', '😋', '🤙🏻', '😎', '❤️', '☕', '🌞']",📺
199,place56,Nature,-77.047273,38.897556,"['🔥', '🚒', '🍴', '🖤', '😏', '💔', '😢']",🔥
201,place57,Z_Other,-77.025371,38.891049,['🚚'],🚚
205,place58,Sports_fitness,-77.02186,38.900233,"['💯', '😤', '😘', '💔', '🙌🏽', '🔥', '🕺🏾']",💯
206,place59,Education,-76.994865,38.883801,"['😊', '⬆️', '🤗']",😊
207,place60,Z_Other,-77.055563,38.917004,"['🏳️\u200d🌈', '❤️', '🌈', '💙', '🙌🏻', '🙏']",🏳️‍🌈
212,place62,Attraction,-76.994933,38.88905,"['⛩️', '📸']",⛩️
213,place63,Shopping,-77.021953,38.896149,"['🍕', '📜']",🍕
214,place64,Community_govt,-77.00901,38.902097,"['👀', '😳', '😜', '❤️', '❣️', '🤣']",👀
217,place65,Community_govt,-77.030039,38.901285,"['🏳️\u200d🌈', '💚', '🌎', '😭', '😊', '😍', '😁']",🏳️‍🌈
218,place66,Education,-77.020409,38.860875,"['🎭', '🏐', '📍', '❤️', '🌈', '❣️']",🎭
222,place67,Shopping,-77.030146,38.862931,"['😋', '❤️', '🍹', '😍', '✨', '🕵🏻', '🍴']",😋
228,place68,Eatery,-77.042978,38.900185,"['🐾', '💚', '🍦', '🙌🏽', '✨', '🎂', '👌🏽']",🐾
230,place69,Education,-77.010137,38.900295,"['🦅', '😤', '❣️', '✅', '📍', '💨', '👾']",🦅
239,place70,Z_Other,-77.009585,38.915253,['😍'],😍
249,place71,Entertainment,-77.007812,38.913387,"['❤️','🔥', '😂', '🎶', '🙏', '👀']",❤️
256,place72,Lodging,-77.024171,38.906824,"['💃🏻', '😜', '😂', '❤️', '☀️', '🤗']",💃🏻
259,place73,Bar,-77.008173,38.855648,"['❤️', '💃🏻', '😝']",❤️
266,place74,Entertainment,-77.022951,38.862586,"['🔥', '💥', '💯', '💨', '💽', '🎶', '😭']",🔥
269,place75,Eatery,-77.042935,38.901348,['😂'],😂
272,place76,Financial,-77.008152,38.901754,"['😍', '💙', '😀', '🚚']",😍
277,place77,Shopping,-77.020173,38.905639,"['🍉', '🏆', '🤗', '🌶️']",🍉
279,place78,Attraction,-77.047843,38.902481,"['🔳', '🎟️', '✔️', '😐', '🤗', '🌈']",🔳
280,place79,Transit,-77.038689,38.915301,"['😎', '🍻']",😎
281,place80,Bar,-76.986422,38.840995,"['🌭', '🍺', '💨', '😎', '🚚']",🌭
282,place81,Attraction,-77.022958,38.906766,"['🌙', '🙌', '🎡', '🤗', '🌮']",🌙
288,place82,Work,-77.005363,38.905108,['💵'],💵
292,place83,Lodging,-77.00901,38.904917,"['💕', '👀', '🔥', '😊', '😂', '💰', '❤️']",💕
293,place84,Eatery,-77.007851,38.883068,"['🌭', '❤️', '🔮', '😘', '☠️', '😈', '🚘']",🌭
304,place85,Attraction,-77.021359,38.896143,"['✨', '🙏', '😔', '➡️', '⏰', '⚪', '🙏🏼']",✨
309,place86,Attraction,-77.003737,38.901009,"['🐦', '🌓', '💙']",🐦
311,place87,Entertainment,-77.072981,38.90069,"['❤️', '🔥', '💥', '😭', '🏒', '💙', '💃']",❤️
321,place88,Z_Other,-77.066227,38.881579,"['❤️', '😆', '🙏🏼', '😁']",❤️
324,place89,Nature,-77.017561,38.904605,"['🎀', '❤️', '🐶', '🏡', '👚', '🍁', '😋']",🎀
326,place90,Bar,-77.06023,38.91689,"['🎉', '🔥', '🐣', '🤦🏾\u200d♂️', '🤦🏽\u200d♀️', '🎬', '🤷🏽\u200d♀️']",🎉
327,place91,Eatery,-77.089992,38.906563,"['🍷', '🥃', '❤️', '🍻', '🙄', '💄', '🍫']",🍷
329,place92,Z_Other,-77.021594,38.908492,"['❤️', '💰', '💯', '🙃', '🤣', '👀', '😎']",❤️
330,place93,Education,-77.060156,38.904827,['😍'],😍
331,place94,Sports_fitness,-77.025549,38.908828,"['🔥', '😊', '✔️', '💪🏻', '☕', '®️', '🍔']",🔥
334,place95,Eatery,-77.07253729,38.899693,"['🚨', '®️', '👍', '🌋', '🎨', '🤤', '💿']",🚨
335,place96,Service,-77.046712,38.903334,"['🍹', '😅']",🍹
341,place97,Eatery,-77.038492,38.881144,['🕺🏻'],🕺🏻
344,place98,Attraction,-77.06826,38.887299,['🙆🏼'],🙆🏼
354,place99,Bar,-77.032678,38.895057,"['🤷🏾\u200d♂️', '🍸', '🃏', '😎', '🖕🏾', '‼️']",🤷🏾‍♂️
356,place100,Eatery,-77.055741,38.897141,"['☕', '🍫', '🍤', '💜', '🍮', '💯', '😋']",☕
359,place101,Entertainment,-77.023063,38.90081,"['🎶', '❤️', '✨', '🙌', '🎻', '😍', '😎']",🎶
372,place102,Sports_fitness,-77.028185,38.905141,"['👀', '📍', '😂', '😅', '🚨']",👀
379,place103,Sports_fitness,-77.01758,38.865687,"['🚴🏽\u200d♀️', '🙏🏼', '👏🏾', '🦋', '🕉️', '🎉', '🙆🏽']",🚴🏽‍♀️
382,place104,Eatery,-76.998768,38.90451,"['😂', '🤣']",😂
387,place105,Eatery,-77.062612,38.901823,"['☕', '❤️', '💰', '😍', '✊🏽']",☕
390,place106,Z_Other,-77.059929,38.90994,"['🛶', '🐉', '🚣', '🤗', '💪🏽', '🏁']",🛶
393,place107,Bar,-77.021697,38.90289,"['💪🏾', '🥂', '💔', '🚨', '🤷🏽\u200d♀️']",💪🏾
394,place108,Education,-77.039566,38.90142,"['🔑', '❤️', '🤣']",🔑
400,place109,Shopping,-77.037936,38.908197,"['🔥', '☕', '🙌🏼']",🔥
401,place110,Z_Other,-77.02267,38.897783,"['📸', '🍁', '🌈', '☀️', '🌞']",📸
411,place111,Z_Other,-77.050424,38.88301,"['💓', '💲']",💓
426,place113,Bar,-77.023147,38.900101,"['❤️', '💕', '👋🏾', '😜', '😘', '🍥', '👸🏾']",❤️
432,place114,Attraction,-77.024353,38.846037,"['😂', '❤️', '☕', '🍸', '😳', '👍🏻']",😂
433,place115,Transit,-77.035518,38.910021,"['🍟', '❣️', '🍷', '🌟', '🔥', '💨', '🍔']",🍟
434,place116,Entertainment,-77.043498,38.897471,"['💥', '✨', '🔥', '😂', '🎭', '👊🏻']",💥
436,place117,Eatery,-77.019397,38.900726,"['❤️', '😭', '😩', '💘', '😁', '😻']",❤️
437,place118,Entertainment,-77.06401,38.918234,"['✨', '🎸', '💥', '❤️', '🐌', '💜', '🔥']",✨
440,place119,Attraction,-77.024587,38.906864,"['☀️', '❤️', '🌈', '🐝', '🌻', '🍴', '🦊']",☀️
442,place120,Lodging,-77.041666,38.857108,"['😷', '🤢']",😷
447,place121,Nature,-76.984881,38.905051,"['☀️', '🌊', '🏖️', '💖', '✨', '🌞', '😳']",☀️
448,place122,Service,-77.023001,38.901794,"['🕉️', '❤️']",🕉️
451,place123,Bar,-77.032488,38.910251,"['🍻', '🍺', '✅', '👍🏻', '😍', '⭐', '🙌🏾']",🍻
457,place124,Eatery,-77.063513,38.91725,"['❤️', '🤤', '🤷🏽\u200d♂️', '😘', '😯', '😁', '💵']",❤️
458,place125,Eatery,-77.025363,38.884569,"['✨', '📍', '😘', '❤️', '🎂', '🎈', '😌']",✨
461,place126,Eatery,-77.008256,38.884192,['😂'],😂
464,place127,Entertainment,-77.055595,38.882089,['❤️'],❤️
467,place128,Eatery,-77.003746,38.906241,"['💪🏾', '✨', '2️⃣', '5️⃣', '🤦🏾\u200d♀️', '🙃', '🐍']",💪🏾
472,place130,Eatery,-77.021983,38.90965244,"['🌭', '❤️', '🔮', '😘', '☠️', '😈', '🚘']",🌭
473,place131,Z_Other,-77.024019,38.907139,"['🌈', '💕', '😍', '😭', '❤️', '💙', '💜']",🌈
475,place132,Bar,-77.02176,38.905205,"['✌🏾', '🎻', '🍻']",✌🏾
485,place133,Eatery,-77.002728,38.912737,"['❤️', '☺️', '👏🏼', '☀️', '🤙🏾', '✌️']",❤️
493,place134,Bar,-77.003425,38.866945,"['📍', '😂', '😣', '🌴', '📷', '☀️']",📍
495,place135,Shopping,-77.084678,38.914411,"['🥐', '🙃', '😢', '😋', '🥕', '🌻']",🥐
504,place137,Z_Other,-77.019927,38.91799,"['😙', '🥂', '✨', '😆']",😙
505,place138,Bar,-77.085836,38.885703,['👍🏾'],👍🏾
515,place139,Z_Other,-76.981426,38.905854,"['🛥️']",🛥️
517,place140,Eatery,-77.042474,38.897187,"['📍', '🍺', '😕', '🍻']",📍
518,place141,Lodging,-76.985764,38.897187,['🙄'],🙄
524,place142,Z_Other,-77.04154,38.893451,['😏'],😏
525,place143,Transit,-77.038015,38.889925,"['😘', '😎', '🤘']",😘
539,place144,Z_Other,-77.022208,38.866765,"['❤️', '🥂', '🤙🏻', '💜', '🎨', '⭐', '🍾']",❤️
540,place145,Eatery,-77.012812,38.852586,"['🍺', '⚽', '🏆', '🍴', '💥', '🔉']",🍺
545,place146,Nature,-77.010804,38.913593,"['💨', '💰', '🔌']",💨
546,place147,Nature,-77.086937,38.915496,"['💨', '💰', '🔌']",💨
547,place148,Education,-77.032797,38.892337,"['❤️', '💙', '👨\u200d🎓', '🍾', '🙏', '😁']",❤️
562,place151,Eatery,-77.023895,38.914118,"['😏', '🎸', '🤔', '✨', '😜', '🎷', '💜']",😏
570,place152,Eatery,-76.984535,38.91702,"['📸', '☕', '🥐', '😍', '🍧']",📸
572,place153,Transit,-77.03838,38.851549,"['👸🏽', '☀️', '🌕', '🙏🏽']",👸🏽
576,place155,Transit,-77.02416,38.873481,"['🌭', '🎉', '🙄']",🌭
583,place156,Education,-77.032185,38.914847,"['💯', '😃']",💯
585,place157,Community_govt,-76.997205,38.895508,"['🤘🏾', '😎']",🤘🏾
587,place158,Z_Other,-77.022102,38.900438,"['🔥', '🚒', '😊', '☔', '😤', '🏳️\u200d🌈', '🦋']",🔥
592,place159,Nature,-77.030576,38.848381,"['😂', '❤️', '✨', '🤗', '🍷', '⚫', '📍']",😂
593,place160,Transit,-77.021234,38.895468,"['🚚', '🌭', '😋', '🚒', '🔥', '😭', '❤️']",🚚
595,place161,Eatery,-77.03013,38.877198,['✊🏻'],✊🏻
596,place162,Attraction,-77.023867,38.904871,"['🍂', '❤️', '🔮', '🌕', '😈', '💖', '😉']",🍂
598,place163,Eatery,-77.030733,38.875153,"['🇮🇹', '😋']",🇮🇹
602,place164,Eatery,-77.04141,38.907246,"['🍷', '❤️', '🏖️', '🌴', '😍', '☀️', '🍝']",🍷
603,place165,Bar,-77.09467,38.901155,"['😎', '🌺', '🌼', '🌸']",😎
611,place166,Sports_fitness,-76.98973,38.917127,"['😎', '🤽🏾\u200d♂️']",😎
612,place167,Education,-77.007323,38.917127,"['💕', '🌕', '🌗', '🌒', '🌓', '🌑', '🌘']",💕
618,place169,Bar,-77.031829,38.892069,['😎'],😎
619,place170,Z_Other,-77.000793,38.905904,"['💥', '😊', '👏🏽', '🏃🏽\u200d♀️', '🌔', '🎗️', '💗']",💥
626,place171,Sports_fitness,-77.031721,38.899089,['🌙'],🌙
628,place172,Financial,-77.040387,38.917451,"['💕', '🍩', '👍', '♻️', '😊', '😂', '💦']",💕
630,place173,Z_Other,-77.042439,38.900213,"['🌒', '🔭', '📸', '😎']",🌒
631,place174,Community_govt,-76.986846,38.895297,"['🙄', '😊', '🤡']",🙄
632,place175,Attraction,-77.029726,38.889605,"['❤️', '🔬', '🎉', '😍', '😎', '🌒', '💭']",❤️
634,place176,Education,-77.03167,38.886841,"['🚴🏻', '✔️']",🚴🏻
635,place177,Work,-77.07407,38.8907,"['🔥', '💪', '🏅', '⭐', '🚨']",🔥
636,place178,Nature,-77.010189,38.894791,"['🎶', '🍷', '🎷', '🍺', '🥁', '🎺', '🕺']",🎶
637,place179,Transit,-77.03358,38.885521,['🎶'],🎶
638,place180,Community_govt,-77.024632,38.894794,"['🌝', '🔴', '🎼', '🎶', '🌚']",🌝
639,place181,Eatery,-77.047942,38.859496,"['👌', '🌘']",👌
641,place182,Education,-77.009083,38.875866,"['❤️', '😎']",❤️
642,place183,Bar,-77.093825,38.886854,['👀'],👀
648,place184,Eatery,-77.096585,38.893868,"['☕', '📸', '👑', '⏱️', '👌🏽', '🎉', '🐖']",☕
653,place186,Education,-77.027668,38.895489,"['💯', '👍🏻', '⚫', '♻️', '✨', '💪🏾', '🔴']",💯
655,place187,Education,-77.024722,38.887536,"['💯', '💪🏾', '💥', '🤞🏾', '💰', '🔑', '🅱️']",💯
657,place188,Shopping,-77.058824,38.910057,"['😊', '🌿', '👸']",😊
667,place189,Attraction,-77.002368,38.906528,"['🎨']",🎨
690,place190,Nature,-77.018955,38.893792,"['🌍', '↪️']",🌍
712,place191,Z_Other,-77.043474,38.90408,"['💰', '💸']",💰
714,place192,Bar,-77.058726,38.892828,"['🌭', '😏', '🍻']",🌭
715,place193,Bar,-77.055162,38.899951,"['🎼', '📍', '😎', '🎬', '🎯', '🐝', '🎥']",🎼
718,place194,Transit,-77.087022,38.902253,"['😎', '❤️', '🤗']",😎
724,place195,Transit,-77.091046,38.89875,['😠'],😠
728,place196,Eatery,-77.062503,38.893338,"['👹', '💃🏽']",👹
734,place197,Attraction,-77.024671,38.902468,"['❤️', '🎨', '🙌🏾', '🔪', '👏🏾', '🌙', '🙌🏼']",❤️
739,place198,Shopping,-77.069193,38.853913,"['😎', '📍', '🎡', '✨', '🤑', '🔱', '😅']",😎
740,place199,Bar,-77.023773,38.906617,"['🌈', '🔥']",🌈
743,place200,Eatery,-76.999231,38.91424,"['🍭', '😋', '💕', '✨', '🍰', '👭', '😂']",🍭
744,place201,Eatery,-77.08402,38.855007,"['☕', '😂', '❤️', '😍', '💜', '💛', '🦄']",☕
745,place202,Work,-77.059103,38.910461,['❤️'],❤️
750,place203,Transit,-77.030885,38.87677,"['🌭', '🔥', '🚒', '😳', '💨', '💦', '⚾']",🌭
755,place204,Transit,-77.028284,38.885361,"['🔊', '💪🏾', '😭', '👌🏽', '😁', '👑', '🌎']",🔊
757,place205,Eatery,-77.043929,38.897844,"['👍', '🍺', '😂', '🥂', '🙂', '☀️']",👍
758,place206,Lodging,-77.041843,38.892402,['🗝️'],🗝️
760,place207,Work,-77.099144,38.897425,"['⚾', '👉', '💁🏼', '😍', '☀️', '🙄', '🤷🏼\u200d♀️']",⚾
764,place208,Attraction,-76.98648,38.888104,"['🎨', '😍', '😉', '💕', '😌', '💤']",🎨
770,place209,Religious,-77.096469,38.915697,['💰'],💰
771,place210,Shopping,-76.985294,38.898947,"['🌿', '🎶', '😏', '🌵']",🌿
773,place211,Attraction,-76.994152,38.892853,"['📺', '📍', '❤️', '🎨', '🎮', '✨', '💥']",📺
776,place212,Education,-77.088472,38.906457,"['💙', '😘', '🙃', '🎺', '🔮', '🤣', '🧀']",💙
782,place213,Eatery,-77.054245,38.895237,"['🍣', '🌯', '❤️', '😎', '🙃']",🍣
783,place214,Work,-77.029243,38.909356,"['❤️', '🙌', '🚀', '🛰️', '🤔', '👋🏾']",❤️
785,place215,Z_Other,-77.02308,38.901493,"['📍', '🖖🏾', '❤️']",📍
793,place216,Z_Other,-77.041293,38.898348,['💕'],💕
794,place217,Attraction,-77.027084,38.897713,"['📸', '🌻']",📸
795,place218,Lodging,-77.082055,38.899053,"['🏡', '💙', '💸', '🎞️', '☔']",🏡
816,place221,Lodging,-77.00109,38.895175,"['2️⃣', '1️⃣', '✨', '🔪', '💙', '😍', '💃']",2️⃣
818,place223,Education,-77.04132,38.915894,"['📚', '😍', '❤️', '😎', '🔥', '🏳️\u200d🌈']",📚
819,place224,Entertainment,-77.048303,38.917096,"['👍', '👊']",👍
825,place225,Eatery,-77.024127,38.854127,"['🔥', '🤷🏾\u200d♂️', '🍹', '🤸🏻\u200d♀️', '🐘', '🍿', '🤗']",🔥
829,place226,Education,-77.044913,38.876465,"['🎶', '🎵']",🎶
832,place227,Attraction,-77.031779,38.903197,"['🚀', '🛰️', '💡', '1️⃣', '🛠️', '💅', '🌚']",🚀
833,place228,Attraction,-77.027056,38.902783,"['🚐', '👻', '😱', '💋', '💉', '☀️', '🎃']",🚐
836,place229,Education,-77.013633,38.907067,['☕'],☕
837,place230,Work,-77.046394,38.904059,"['🌺', '🐘']",🌺
848,place231,Community_govt,-76.995062,38.865704,"['👍', '😂', '❤️', '😈', '❣️', '👀']",👍
851,place232,Nature,-77.02746,38.898372,"['🦀', '🌂', '😪', '🍻']",🦀
852,place233,Eatery,-77.021729,38.904609,"['📚', '❤️', '👍🏼', '🍷', '🙋🏽', '☺️', '🎉']",📚
855,place234,Bar,-77.025014,38.898432,"['🍺']",🍺
857,place235,Work,-77.052866,38.877602,"['😊', '❤️', '✨']",😊
858,place236,Eatery,-77.001052,38.905589,"['🎶', '🍔']",🎶
859,place237,Attraction,-77.036096,38.90009,['⚽'],⚽
861,place238,,-77.03712,38.897546,['🎈'],🎈
866,place239,Sports_fitness,-77.005754,38.901457,"['🏀', '🤷🏾\u200d♂️', '🤣', '📍', '😂', '😣', '😈']",🏀
872,place240,Bar,-77.005389,38.902969,"['🔥', '😍', '📷', '🤘🏻']",🔥
873,place241,Z_Other,-77.037193,38.887167,['🚲'],🚲
875,place242,Nature,-77.024132,38.897095,"['❤️', '🦆']",❤️
876,place243,Sports_fitness,-77.01961,38.901835,"['😡', '😲']",😡
882,place244,Community_govt,-77.027039,38.90581,['😳'],😳
888,place245,Sports_fitness,-76.997651,38.903521,"['💕', '😝']",💕
892,place246,Education,-77.031434,38.886874,['🤔'],🤔
893,place247,Z_Other,-77.054937,38.861335,"['😂', '😍', '💯', '💻', '‼️']",😂
896,place248,Transit,-77.044992,38.894241,"['🚂', '😏', '😂', '🚆', '❤️', '👋🏼']",🚂
900,place249,Nature,-77.032195,38.904344,"['🍻', '🙃', '😍', '🐶', '😎', '📸', '🙋🏽']",🍻
902,place250,Z_Other,-76.990703,38.886757,"['🐵', '👌', '🌴', '💯', '🔝', '🛍️', '🐝']",🐵
906,place251,Eatery,-77.097694,38.902608,"['😊', '😭', '😂', '🤡', '🙄', '🌎']",😊
913,place253,Attraction,-77.050917,38.871517,"['👇', '🍖', '✨', '😂', '🤓', '😍', '😎']",👇
915,place254,Transit,-77.02398,38.895141,['🍍'],🍍
920,place255,Eatery,-77.026973,38.845039,['🔥'],🔥
921,place256,Work,-77.044244,38.844404,"['☕', '🔥', '👐🏾', '⛳', '👀']",☕
926,place257,,-77.063245,38.844404,['🍜'],🍜
927,place258,Transit,-76.99721,38.885719,['😏'],😏
930,place259,Eatery,-77.043364,38.898352,['✨'],✨
931,place260,Attraction,-77.040083,38.898595,"['🌷', '✨', '💙']",🌷
932,place261,Eatery,-77.09534,38.897717,"['📸', '✨', '💕', '🍃', '🌸', '🤞🏽', '👸🏽']",📸
933,place262,Transit,-77.006575,38.898689,"['😭', '😱', '😂', '❤️', '😍', '🎶', '☀️']",😭
936,place263,Sports_fitness,-76.984757,38.88487,"['😂', '❤️', '😏', '🤘🏾', '🗣️']",😂
939,place264,Education,-77.093494,38.861924,"['👸🏽', '👩🏾\u200d🍳', '👨🏿']",👸🏽
945,place265,Sports_fitness,-77.018559,38.897563,"['💪🏼', '💥', '💙', '🤠', '⚔️', '🙃', '🤷🏼\u200d♀️']",💪🏼
951,place266,Lodging,-76.99378,38.907041,"['😭', '👍', '😍', '🤗', '😴']",😭
954,place267,Lodging,-77.035439,38.869485,['🐻'],🐻
956,place268,Community_govt,-77.038219,38.903391,"['🙌', '🎶', '☀️', '☄️']",🙌
959,place269,,-77.007355,38.898874,['🍱'],🍱
964,place270,Z_Other,-77.001497,38.901496,"['🌐']",🌐
981,place271,Bar,-77.08257,38.86256,"['🍲', '⬜', '🌈', '🍻']",🍲
983,place272,Sports_fitness,-76.98573,38.852375,"['🕉️', '🙏🏼', '🌱']",🕉️
990,place273,Nature,-77.051356,38.862802,"['😊', '🖤']",😊
991,place274,Z_Other,-77.009364,38.906044,"['🦀', '😋', '📍']",🦀
992,place275,Eatery,-77.06023,38.876869,"['💙', '🏈']",💙
1001,place276,Z_Other,-76.99509,38.842123,"['🧀', '🍋', '🙌🏻', '🍽️', '🍞']",🧀
1007,place277,,-76.996097,38.901303,"['🤘🏾', '😴', '😂', '🚧']",🤘🏾
1008,place278,Shopping,-77.028215,38.899774,"['😋', '👀', '👍']",😋
1012,place279,Eatery,-77.009117,38.910905,['🦀'],🦀
1013,place280,Eatery,-77.032139,38.899929,"['🙌', '🍹', '🚀', '💓', '🍺', '💡', '😍']",🙌
1014,place281,Eatery,-76.984323,38.848582,"['🙌🏿', '🌮']",🙌🏿
1016,place282,Z_Other,-77.019194,38.86311,"['🤷🏾\u200d♂️', '💕', '♊', '🤒', '👻', '🤣', '😳']",🤷🏾‍♂️
1019,place283,Eatery,-77.097255,38.844996,"['🤓', '📝', '👮', '✨', '👏🏻', '🍺', '🏆']",🤓
1023,place284,Eatery,-77.062492,38.897872,['🇱🇧'],🇱🇧
1025,place285,Transit,-77.023721,38.897559,"['🌅', '✨', '🔥', '👌', '🥂', '🍊', '⚽']",🌅
1029,place286,Eatery,-77.032796,38.853049,"['😋', '🤸🏾']",😋
1032,place287,Eatery,-77.032796,38.89611,"['💃🏻', '🌹', '🤘🏾', '🤗', '💞', '😒', '😌']",💃🏻
1035,place288,Bar,-77.018941,38.852089,"['🙎🏻', '🙄', '🤷🏼\u200d♀️', '⭐']",🙎🏻
1036,place289,Bar,-76.995801,38.91674,"['😜', '😣']",😜
1048,place290,Bar,-77.023234,38.900856,"['🤘🏾', '😎', '👀', '❤️', '👏🏼', '🤗']",🤘🏾
1056,place291,Nature,-77.037919,38.902681,"['✨', '🗣️', '🎉']",✨
1057,place292,Transit,-77.023777,38.898498,"['🚣🏼\u200d♀️', '🥂', '🍾']",🚣🏼‍♀️
1059,place293,Nature,-77.041253,38.84883,"['🍆', '🔥']",🍆
1062,place294,Sports_fitness,-77.061131,38.866979,"['😭', '🔥', '👏🏾', '✨', '😊', '😛', '😂']",😭
1071,place295,Z_Other,-77.094845,38.906831,"['😂', '😁', '💨', '😍', '🤗', '🔥']",😂
1072,place296,Z_Other,-77.042062,38.890634,"['😂', '😁', '💨', '😍', '🤗', '🔥']",😂
1075,place297,Nature,-77.000394,38.919215,['🌊'],🌊
1077,place298,Bar,-77.032156,38.902667,"['🥃', '🍽️', '🏙️', '❤️', '😍', '👅']",🥃
1086,place299,Eatery,-76.992528,38.876651,"['📸', '🌈', '✨']",📸
1092,place300,Community_govt,-77.042315,38.91393,"['📸']",📸
1096,place301,Z_Other,-77.02196,38.89806,['🤗'],🤗
1099,place302,Bar,-77.032711,38.875656,"['😉', '✌️']",😉
1104,place303,Nature,-77.021938,38.916728,['😀'],😀
1105,place304,Bar,-77.041202,38.86053,"['🥃', '🍜']",🥃
1109,place305,Community_govt,-77.044036,38.847036,"['🏛️', '☔']",🏛️
1113,place306,Eatery,-77.038161,38.874349,"['😋', '🔥', '😁']",😋
1117,place307,Eatery,-77.021737,38.859268,"['⛽', '❤️']",⛽
1121,place308,Z_Other,-77.032409,38.851854,['📍'],📍
1124,place309,Z_Other,-77.032358,38.848596,"['🤷🏽\u200d♂️', '📍', '😂', '😈', '💸']",🤷🏽‍♂️
1127,place310,Bar,-77.031546,38.857931,"['💊', '💪🏾', '🔥', '💰', '💉', '💪', '🎶']",💊
1134,place311,Lodging,-77.043316,38.900381,"['🍑', '😤', '💪🏾', '😫', '🌨️', '🎤', '😎']",🍑
1146,place313,Attraction,-76.997717,38.855742,"['😍', '📸', '🙏🏾', '✨', '😊', '❤️']",😍
1150,place314,Eatery,-76.989184,38.856051,"['😋', '🍗', '😎', '🙌🏾', '🍺', '😍', '😂']",😋
1151,place315,Education,-77.02258,38.917996,"['👍', '💜', '☠️', '💙', '🐶', '😩', '💛']",👍
1153,place316,Bar,-76.9899,38.877771,"['😍', '🥃', '🍋', '🍍', '🍹', '⛱️', '🍔']",😍
1155,place317,Work,-77.062605,38.897312,"['🏳️\u200d🌈', '❤️', '💕', '💓', '😂']",🏳️‍🌈
1157,place318,Transit,-77.042226,38.875449,"['⛽', '😂', '🤣']",⛽
1160,place319,Entertainment,-77.006392,38.859462,"['🐯', '💔', '❤️', '⚾']",🐯
1163,place320,Education,-77.08746,38.891166,"['❣️', '💕', '✨', '🦋', '🌿', '🌸']",❣️
1166,place321,Education,-77.063189,38.911013,['🙏🏽'],🙏🏽
1174,place322,Shopping,-77.020152,38.893438,"['🍓', '😎', '🥞', '🌿', '🥕']",🍓
1175,place323,Community_govt,-77.032206,38.902715,"['💳', '💰', '📝', '🏡', '😘', '💞', '🎓']",💳
1181,place324,Attraction,-77.064,38.910681,"['😎', '🎥']",😎
1183,place325,,-77.030811,38.901214,['👍🏻'],👍🏻
1185,place326,Z_Other,-77.043868,38.841111,"['😉', '😜', '❤️', '😍', '👑']",😉
1186,place327,Eatery,-77.043485,38.869103,"['😊', '😭', '🙏🏽', '😡', '😜', '📍', '😘']",😊
1192,place328,Attraction,-77.04547,38.887177,['🐀'],🐀
1193,place329,Bar,-77.024834,38.903985,"['🍔', '🍺', '🐶', '🍻', '🍟', '🏈']",🍔
1194,place330,Financial,-77.02272,38.898573,"['📚', '📖', '🌏', '🌎']",📚
1196,place331,Bar,-77.090944,38.896162,"['🅰️', '💪🏾', '🤦🏾\u200d♂️', '😁', '📶']",🅰️
1198,place332,Bar,-77.005835,38.900691,"['😉', '🎓', '😙', '😍', '🎈']",😉
1202,place333,Nature,-76.986661,38.906697,"['😩', '☔']",😩
1203,place334,Shopping,-77.024149,38.899919,['🙄'],🙄
1204,place335,Bar,-76.999692,38.874628,"['🍾', '🎉', '💦', '☎️', '💯', '‼️', '💪🏾']",🍾
1205,place336,Service,-77.021129,38.916782,['😩'],😩
1212,place337,Eatery,-77.028799,38.917149,"['❤️', '👭', '😂', '😘', '🤦🏾\u200d♀️']",❤️
1215,place338,Bar,-77.048775,38.880167,"['🎓', '👔', '💕']",🎓
1223,place340,Eatery,-76.985956,38.901456,"['😜', '😘', '❤️', '🎁', '😍', '🛍️', '😋']",😜
1224,place341,Eatery,-76.984206,38.907115,"['📸', '👀', '🔥', '❤️', '💙', '💎', '🥂']",📸
1225,place342,Z_Other,-77.023783,38.908726,"['💯', '😂', '💔', '💤', '💰', '💪🏾', '🗣️']",💯
1228,place343,Z_Other,-77.024751,38.875151,"['🎉', '🤷🏽\u200d♂️', '😊', '😂', '🥂', '😏', '🤓']",🎉
1231,place344,Bar,-77.044604,38.901976,"['🍺', '👋', '🐘']",🍺
1235,place345,Community_govt,-77.036567,38.917071,['🌞'],🌞
1239,place346,Eatery,-77.012926,38.912059,"['👾', '🦄']",👾
1240,place347,Work,-77.042313,38.906763,['🤓'],🤓
1242,place348,Eatery,-77.03138,38.874309,['🤘'],🤘
1252,place350,Eatery,-77.006071,38.903689,"['💫', '🍕', '😈', '💞']",💫
1253,place351,Education,-77.062813,38.901354,"['😳', '⚾', '👏🏾', '🌱', '🔴', '✨', '🎒']",😳
1271,place352,Bar,-77.042731,38.880422,"['😊', '❤️']",😊
1275,place353,Eatery,-77.01593,38.915134,"['❣️', '💋', '😍', '😩', '💃']",❣️
1279,place354,Eatery,-77.037621,38.918562,"['😭', '😂', '🍗', '😈', '😋', '🤔', '💕']",😭
1289,place356,Bar,-77.042307,38.889713,"['😈', '😭', '🤷🏿\u200d♂️']",😈
1297,place357,Z_Other,-77.016456,38.907085,['🙄'],🙄
1300,place358,Eatery,-77.05493,38.900224,"['🚚', '😋', '🏛️', '🍝', '✨', '🌭']",🚚
1301,place359,Bar,-77.01645,38.905729,['👨\u200d🎤'],👨‍🎤
1306,place360,Sports_fitness,-77.047752,38.901838,['🖤'],🖤
1309,place361,Eatery,-77.036271,38.919191,"['❤️', '🌮', '🌶️', '🎵', '🎶', '🏃🏿', '🏃🏻\u200d♀️']",❤️
1310,place362,Attraction,-77.036541,38.846377,"['🎨', '‼️', '📸', '✂️', '👂🏾', '🌼', '💪🏾']",🎨
1311,place363,Community_govt,-77.025039,38.884501,"['💤', '🤷🏾\u200d♂️', '🔥', '😘', '🥂', '💡', '🤙🏾']",💤
1319,place364,Bar,-77.051505,38.88492,"['☁️', '👍🏼', '♥️', '😉']",☁️
1334,place365,Eatery,-77.007263,38.907027,"['🍦', '😍', '🎉', '🍩', '🍰', '❤️', '💞']",🍦
1335,place366,Z_Other,-77.045762,38.911175,"['✨', '⛽', '😘', '🍃']",✨
1338,place367,Eatery,-76.993195,38.899236,['🙄'],🙄
1340,place368,Eatery,-77.053841,38.857054,"['🎉', '🏈']",🎉
1359,place369,Eatery,-77.005732,38.898754,"['😋', '🍗', '😎', '🙌🏾', '🍺', '😍', '😂']",😋
1362,place370,Community_govt,-77.030618,38.906235,"['☕', '🤛🏾', '✨', '🔥', '💰', '⚾', '🥊']",☕
1365,place371,Entertainment,-77.026083,38.897357,"['❤️', '🎶', '🔥', '😭', '😍', '🙏', '💯']",❤️
1366,place372,Education,-77.043389,38.916903,"['🌟', '🔥', '🏕️', '📖', '🚋']",🌟
1368,place373,Community_govt,-77.033691,38.89352,"['🌹', '🌴',  '💝']",🌹
1371,place374,Bar,-77.049141,38.91517,['✨'],✨
1372,place375,Transit,-77.055342,38.90319,"['✈️', '‼️']",✈️
1373,place376,Attraction,-77.05017,38.883167,['👨🏾\u200d🚀'],👨🏾‍🚀
1374,place377,Work,-77.003474,38.904021,"['📻', '❤️', '👇🏽', '👂🏼', '😭', '📍', '🙌🏼']",📻
1375,place378,Education,-77.078085,38.897312,"['❤️', '😍', '🌴', '💙', '🎸', '😇', '😊']",❤️
1377,place379,Bar,-77.027507,38.901715,['🔥'],🔥
1391,place380,Eatery,-77.047027,38.888797,"['😋', '😭', '🙌🏽', '🎓', '❤️', '♥️', '‼️']",😋
1400,place381,Sports_fitness,-77.05008,38.905628,"['💓', '💞']",💓
1403,place382,Eatery,-77.004461,38.916808,['🍕'],🍕
1406,place383,Z_Other,-77.05076,38.862437,"['🐘', '☕']",🐘
1411,place384,Bar,-77.043687,38.897212,"['🍺', '👍🏻', '😀', '🍻']",🍺
1415,place385,Bar,-77.024889,38.907359,"['👁️', '🌞', '🌱']",👁️
1417,place386,Lodging,-77.043943,38.886933,"['❤️', '😋', '📍', '😉', '👀', '💋']",❤️
1419,place387,Bar,-77.005989,38.915762,"['❗', '🚨', '🔥']",❗
1420,place388,Eatery,-77.030039,38.905039,"['😥', '🤔', '🚚']",😥
1421,place389,Bar,-77.031369,38.884012,"['😛', '😘', '😂', '🦋', '🍿', '🌞', '🌻']",😛
1425,place390,Lodging,-77.028074,38.867982,['🤗'],🤗
1431,place391,Bar,-77.040027,38.886797,"['😍', '🎉', '💙', '💛']",😍
1433,place392,Bar,-77.060407,38.903581,"['🔥', '💯', '🤷🏾\u200d♂️', '🌚']",🔥
1434,place393,Community_govt,-77.028456,38.90451,"['👍🏼', '💪🏼', '🎉', '🍊']",👍🏼
1437,place394,Bar,-77.039695,38.915687,"['💜', '🌈', '📸', '👀', '😘', '😂', '🥂']",💜
1442,place395,Eatery,-77.037206,38.914122,"['💕', '💃🏻', '🥂', '😈', '🌺']",💕
1446,place396,Eatery,-77.009016,38.908358,"['🍺', '💥', '👍🏻', '⚾', '😀']",🍺
1458,place397,Eatery,-77.032635,38.912667,['🍜'],🍜
1460,place398,Sports_fitness,-77.018892,38.90137,"['🔥', '⚓', '☔']",🔥
1465,place399,Z_Other,-77.053621,38.882432,"['😇', '❤️', '📚']",😇
1467,place400,,-77.023147,38.903951,"['🌸', '💕', '🕺🏻', '👍']",🌸
1486,place401,Lodging,-76.997615,38.908623,"['❤️', '🔥', '😍', '🎶', '📸', '💃🏻', '✨']",❤️
1488,place402,Eatery,-77.004633,38.887776,['🎒'],🎒
1494,place403,Sports_fitness,-77.015067,38.915757,['😎'],😎
1495,place404,Eatery,-77.032577,38.886415,"['🙂', '💜', '🍲', '😂', '🍜', '😍', '🤦🏾\u200d♀️']",🙂
1501,place405,Bar,-77.038577,38.861816,"['🍸', '🌃', '🍹', '🥂']",🍸
1503,place406,Eatery,-77.027922,38.8631,"['🍓', '🍹', '🥂', '🍳', '🍞']",🍓
1504,place407,Eatery,-77.032992,38.914161,"['😊', '👌🏽', '😆', '🙄']",😊
1510,place408,Eatery,-77.03933,38.902262,"['👌', '😋']",👌
1518,place409,Eatery,-77.01548,38.910936,"['☕', '👌🏻']",☕
1520,place410,Animal,-77.005765,38.873558,['💙'],💙
1525,place411,Z_Other,-77.051991,38.9011,"['😎', '🤙🏾']",😎
1526,place412,Lodging,-77.03685,38.905179,"['🙌🏽', '👍', '🔬', '😊', '😘', '❤️']",🙌🏽
1527,place413,Community_govt,-77.071239,38.904995,"['🎭', '🏳️\u200d🌈', '🎶', '✌️']",🎭
1530,place414,Bar,-77.002388,38.91856,['☀️'],☀️
1533,place415,Z_Other,-77.047612,38.917043,"['🎻', '💙', '🎵', '😎', '💛']",🎻
1538,place416,Eatery,-77.055454,38.861964,['🦀'],🦀
1540,place417,Bar,-77.045981,38.899863,['✨'],✨
1543,place418,,-77.052233,38.900083,['💕'],💕
1546,place419,Bar,-77.0516,38.900545,"['👰', '❤️', '✔️', '🤵']",👰
1547,place420,Community_govt,-77.059929,38.908635,"['😤', '😉', '♦️', '🤢', '😂', '♣️', '😍']",😤
1552,place421,Z_Other,-77.04868,38.905052,"['💯', '🙊', '👀', '😂', '😩', '😒', '😋']",💯
1553,place422,Lodging,-77.046706,38.912645,"['❤️', '💕']",❤️
1563,place423,Shopping,-77.042227,38.908516,['🍒'],🍒
1569,place424,Nature,-77.083222,38.899854,"['🔥', '💯', '😭', '😩', '😳', '💕', '👧🏻']",🔥
1570,place425,Shopping,-77.063397,38.916982,"['🔥', '💯', '😭', '😩', '😳', '💕', '👧🏻']",🔥
1573,place426,Shopping,-77.050918,38.905069,['💃🏽'],💃🏽
1582,place427,Community_govt,-77.04896,38.862808,['🤣'],🤣
1590,place428,,-77.022743,38.872537,"['📸', '🤞🏾', '💉', '😈', '🤘🏽']",📸
1606,place429,Eatery,-77.015955,38.90506,"['🍕', '😋', '🙏🏾', '👀', '😊', '💖', '😎']",🍕
1611,place430,Sports_fitness,-77.028451,38.86311,"['💪🏾', '✔️', '💦', '💯', '😂', '™️', '🙏']",💪🏾
1614,place431,Nature,-77.03656733,38.901077,"['😘', '☀️', '💭', '☺️']",😘
1633,place432,Shopping,-77.052598,38.912049,"['👍🏽', '📈']",👍🏽
1645,place433,Eatery,-77.048664,38.908268,['😋'],😋
1648,place434,Transit,-77.050488,38.905177,"['⚡', '♋', '🎨', '🎬', '🍞', '👍🏾', '👽']",⚡
1653,place435,Bar,-77.009664,38.908084,"['🎤', '😂',  '🌞', '🤙']",🎤
1665,place437,Nature,-77.022636,38.887929,"['☀️', '🍁', '🥕', '🍂', '🌶️', '🍅', '☔']",☀️
1673,place438,Work,-77.030082,38.864429,"['😭', '💰', '🙌🏽', '📺', '💪🏼', '👉']",😭
1681,place439,Education,-77.026734,38.910203,"['😘', '🐉', '💙', '💉', '💷', '🥊', '🕒']",😘
1682,place440,,-77.048578,38.916003,"['⚽']",⚽
1685,place441,Eatery,-77.002487,38.895995,"['🍄', '🥒', '🐟', '🌶️', '🍅', '🐙', '🥕']",🍄
1688,place442,Service,-77.034022,38.89622,"['😳','🐮', '🐯', '🐕', '😵', '🔘']",😳
1689,place443,Entertainment,-77.003347,38.917095,"['🙌', '☝🏼', '🤣', '🚀', '🙌🏼', '❤️', '✌🏼']",🙌
1690,place444,Eatery,-77.034764,38.901671,"['🍑', '🍆']",🍑
1694,place446,Z_Other,-77.064157,38.883333,"['💤', '✅', '❤️', '😍', '📷', '🌈']",💤
1700,place447,,-77.051387,38.897809,['📚'],📚
1715,place448,Work,-77.045048,38.876458,"['🎓', '✔️', '🌪️', '🐌', '🌩️']",🎓
1727,place449,Lodging,-77.037497,38.861947,"['😄','👍', '❤️', '🎉', '😊', '🔥']",😄
1728,place450,Z_Other,-77.042613,38.916506,"['🚒', '🔥']",🚒
1736,place451,Shopping,-77.03662,38.905038,"['👍🏼', '👏🏼', '🍻']",👍🏼
1739,place452,Education,-77.057815,38.887571,"['✅', '🏐', '👍', '🎓', '🤞🏾', '⬆️', '🐺']",✅
1744,place453,Transit,-77.002805,38.882321,"['💕', '👎', '🍺', '😡', '🍗', '🐓', '🤷🏻\u200d♀️']",💕
1745,place454,Eatery,-77.054364,38.905511,"['🖤', '😪', '📸', '😭', '💓', '😊', '🤘🏻']",🖤
1746,place455,Bar,-77.040668,38.846023,"['❤️', '🐐', '🔥']",❤️
1762,place456,Eatery,-77.006028,38.90531,"['🆓', '🍯']",🆓
1765,place457,Eatery,-77.007396,38.899351,['🇧🇷'],🇧🇷
1776,place458,Z_Other,-77.049383,38.862741,"['😎', '😋']",😎
1780,place459,Entertainment,-77.008538,38.889663,"['🖖', '😭', '✨', '🙌🏼', '💫', '❤️', '😒']",🖖
1796,place461,Eatery,-77.037593,38.91694,"['❣️', '🙌']",❣️
1799,place462,Community_govt,-77.042074,38.887802,['🤢'],🤢
1801,place463,Eatery,-77.021961,38.898781,"['😎', '🍯', '🍌']",😎
1816,place464,Education,-77.052199,38.907711,['❤️'],❤️
1824,place465,Z_Other,-77.004469,38.905633,['🍹'],🍹
1854,place466,Community_govt,-77.039707,38.89118,['💓'],💓
1855,place467,Transit,-77.014407,38.896276,"['😮', '🎨', '🎼', '🔥']",😮
1860,place468,Bar,-77.01884,38.894558,"['🍀', '🇮🇪', '👮🏻']",🍀
1868,place469,Eatery,-77.013725,38.909328,"['🇮🇪', '🍀']",🇮🇪
1876,place470,Service,-77.033044,38.866554,['💇'],💇
1877,place471,Community_govt,-77.066227,38.911441,"['😇', '🍷', '😔', '👑', '🚤', '🔥', '✨']",😇
1878,place472,Eatery,-77.023007,38.874788,"['🍷','😛', '✔️', '😍', '🤘🏾', '🤗']",🍷
1880,place473,Attraction,-77.052323,38.903852,"['👏', '❤️', '✨', '📰', '🙌', '🙌🏼']",👏
1889,place474,Bar,-77.028849,38.89355,['🍻'],🍻
1895,place475,Bar,-77.046414,38.909656,['🙌🏼'],🙌🏼
1901,place476,Sports_fitness,-77.01582,38.90097,"['😍', '🍚', '🍱', '🍛']",😍
1904,place477,Sports_fitness,-77.025599,38.898314,"['💥', '🙌🏽', '🙌🏼', '🙌🏿', '🏀', '🙌🏾']",💥
1909,place478,Nature,-77.019729,38.882315,"['🚴🏻', '⛵', '❤️', '🏅', '🌅', '🚲']",🚴🏻
1911,place479,Eatery,-77.012359,38.897579,"['💛', '👼🏾', '🚶🏿', '🙏🏼', '🤣', '🤤', '🎤']",💛
1913,place480,Bar,-77.001064,38.906217,"['💕', '😍', '😉', '🙌', '😊', '😘']",💕
1915,place481,Entertainment,-77.027164,38.905251,['👋'],👋
1919,place482,Eatery,-76.989342,38.908794,['🔥'],🔥
1929,place483,Z_Other,-77.04947,38.846581,"['🎗️', '🔥', '😖', '☀️', '🕺🏻', '💝', '🚒']",🎗️
1930,place484,Education,-77.028797,38.912203,"['❤️', '☀️']",❤️
1936,place485,Attraction,-77.020284,38.913184,"['🎢', '💉', '😜']",🎢
1937,place486,Eatery,-77.031529,38.897434,['😋'],😋
1942,place487,Z_Other,-76.992448,38.913121,"['🍚', '✏️', '🗒️', '🙌🏽', '✨', '😊', '🎎']",🍚
1945,place488,Attraction,-77.060024,38.885241,"['💕', '🌹', '💔', '🙏']",💕
1950,place489,Nature,-77.021949,38.910179,"['🚣', '🦆', '✨', '❤️', '💙', '🤷🏻\u200d♀️', '💚']",🚣
1952,place490,Bar,-77.042815,38.865478,"['😍', '🏈']",😍
1955,place491,Lodging,-77.032161,38.906044,"['🏊\u200d♂️', '😏', '🙈']",🏊‍♂️
1956,place492,Animal,-77.024009,38.891822,"['🦋', '🐞', '💕', '😌', '🕸️', '😒', '🙅🏻']",🦋
1959,place493,Bar,-77.003552,38.909669,"['📚', '🏠', '📈', '✏️', '😋']",📚
1963,place494,Community_govt,-76.994865,38.867572,"['🚶', '👀', '💰', '🌈', '👂', '🔱']",🚶
1964,place495,Nature,-77.023632,38.89854,"['☕', '🍩', '🤳🏾']",☕
1965,place496,Attraction,-77.018462,38.916435,"['📸', '📍', '❤️', '😍', '😎', '👨🏻\u200d🎨']",📸
1972,place497,Education,-77.023985,38.90565,"['📝', '📓', '💰', '❤️', '🤘', '📚', '🤗']",📝
1977,place498,Lodging,-77.032066,38.913644,"['💊', '✨', '💉', '💙', '💫', '🤑', '🥂']",💊
1981,place499,Shopping,-77.060506,38.909387,"['🏈', '🌺']",🏈
1985,place500,Bar,-77.021703,38.906351,"['👏', '🍷', '🍻']",👏
1988,place501,Eatery,-77.033466,38.916993,"['😎', '❣️', '🥂', '🥓', '🍳', '😩', '🤔']",😎
1995,place502,Z_Other,-77.031959,38.906218,"['👏🏻', '❤️', '💉', '😎', '🤘🏽', '💺', '🤦🏻\u200d♀️']",👏🏻
1996,place503,Sports_fitness,-77.02004,38.908492,"['💪🏾', '🏋🏾', '🍑', '🍆', '🚹', '😳', '💪']",💪🏾
1998,place504,Eatery,-77.043793,38.890723,"['😉', '😏']",😉
2000,place505,,-77.018767,38.884577,['🗣️'],🗣️
2007,place506,Education,-77.01347,38.886984,"['😍', '👧🏾', '👦🏼']",😍
2008,place507,Community_govt,-77.042145,38.872861,"['♿', '❤️', '😋', '✌️']",♿
2010,place508,Eatery,-76.99491,38.89945,"['❤️', '👸🏼', '😂', '🌹', '💲', '🍾', '‼️']",❤️
2016,place509,Transit,-77.012148,38.902456,['📍'],📍
2020,place510,Attraction,-77.030534,38.901871,"['⚡', '😂', '🤗']",⚡
2025,place511,Lodging,-77.027983,38.896407,"['💯', '🎬', '🎥', '😨', '😎', '🙏', '✈️']",💯
2032,place512,Bar,-77.021778,38.881279,"['💕', '🎶', '📿', '🎧', '✨', '💜', '😘']",💕
2033,place513,Shopping,-77.077944,38.876065,"['®️', '💳', '🏂']",®️
2035,place514,Eatery,-77.093119,38.876065,"['🌎', '🎧', '✨', '🔥', '😜', '🍔', '🚶🏾']",🌎
2036,place515,Community_govt,-77.020576,38.901981,"['🏛️', '☕', '💕', '⚖️', '😔', '😱']",🏛
2044,place516,Education,-77.041562,38.898506,"['✨', '🔥', '😘', '☺️', '🗣️']",✨
2045,place517,Eatery,-77.024975,38.908271,"['🤗', '👌🏼']",🤗
2051,place518,Work,-76.985326,38.914244,['😋'],😋
2052,place519,Z_Other,-77.007353,38.873093,['⏰'],⏰
2058,place520,,-77.0712,38.893694,"['💰', '❤️']",💰
2059,place521,Religious,-77.060788,38.88473,"['🎶', '😭', '💐', '🎹', '🌺', '🎺']",🎶
2060,place522,Bar,-77.02957,38.911271,"['💰', '💸', '🎶', '🚬', '🚽', '⚾', '❤️']",💰
2061,place523,Eatery,-77.042049,38.910153,['👌🏼'],👌🏼
2062,place524,Eatery,-77.022175,38.879256,"['🍔', '😍', '🍟', '😋', '💕', '🧀', '😊']",🍔
2063,place525,Entertainment,-77.002374,38.873216,"['👐🏼', '🌟']",👐🏼
2067,place526,Z_Other,-77.095497,38.889682,"['⚽', '🏈']",⚽
2076,place528,Work,-77.021719,38.87278,['🦁'],🦁
2077,place529,Attraction,-77.046082,38.891211,"['❤️', '🍷', '🖤', '✈️', '✨', '🔴', '😂']",❤️
2079,place530,Bar,-77.012772,38.909868,['❤️'],❤️
2080,place531,Eatery,-77.006961,38.858708,"['💜', '🎂', '🌮']",💜
2085,place532,Eatery,-77.031688,38.883784,"['💓', '😩', '💕', '👸🏽']",💓
2087,place533,Z_Other,-77.027276,38.902522,['🇺🇸'],🇺🇸
2088,place534,Bar,-77.049758,38.860619,"['🌮', '👨\u200d👩\u200d👧', '🙌']",🌮
2090,place535,Z_Other,-77.026262,38.899969,['❤️'],❤️
2093,place536,Religious,-77.045228,38.864707,['✊🏿'],✊🏿
2100,place539,Nature,-77.021579,38.889655,"['👀', '🏄', '🔯', '🎓', '💡', '↗️', '😜']",👀
2101,place540,Z_Other,-77.019137,38.912949,"['😜', '🐯', '👽', '💪', '♈', '🔱', '🎃']",😜
2104,place541,Education,-77.038627,38.917182,"['👍', '📊', '🎯', '📈', '💭']",👍
2105,place542,Bar,-77.019675,38.884856,['❤️'],❤️
2110,place543,Bar,-77.021499,38.910677,"['🐘', '👩🏻\u200d🍳', '🏡', '🙏', '🍝', '✈️']",🐘
2112,place544,Bar,-77.034343,38.871777,['😊'],😊
2113,place545,Community_govt,-77.053352,38.858575,"['👌', '🌅', '😁', '👍']",👌
2122,place546,Eatery,-77.021854,38.873337,['☕'],☕
2124,place547,Shopping,-77.065117,38.888235,['📸'],📸
2127,place548,Shopping,-77.029192,38.868745,['💕'],💕
2130,place549,Attraction,-77.059758,38.846282,"['😂', '😍', '🏛️', '❤️', '😉', '😱']",😂
2131,place550,Shopping,-77.064152,38.899116,"['😂', '🎀', '😩', '💍', '😋', '😌']",😂
2137,place552,Education,-76.989255,38.912495,"['🎉', '😅', '😜']",🎉
2139,place553,Bar,-77.025898,38.856949,"['😈', '😉', '📲']",😈
2140,place554,Shopping,-77.038661,38.903215,"['🍷', '🍸', '💜', '🍺', '❤️', '💙', '😂']",🍷
2144,place555,Attraction,-77.025807,38.893538,"['📸']",📸
2147,place556,Education,-77.033578,38.882792,"['💯', '👭', '🎤', '🌈', '👩\u200d👩\u200d👧', '👨\u200d👨\u200d👧']",💯
2158,place557,Attraction,-77.03168,38.845643,"['⚓', '😱', '❤️']",⚓
2159,place558,Eatery,-77.021534,38.877904,['⚾'],⚾
2175,place559,Z_Other,-77.006092,38.888888,"['😍', '🐶', '🍻']",😍
2176,place560,Eatery,-77.042169,38.881546,"['❤️', '🏛️', '💥', '📍', '🎯', '🍹', '👁️']",❤️
2177,place561,Work,-77.023216,38.914178,"['🎉', '🤓', '😍', '🎈', '🚨']",🎉
2179,place562,Shopping,-77.024891,38.868339,"['😊', '❤️', '💪🏾', '🔥']",😊
2181,place563,Education,-76.984831,38.86502,['❤️'],❤️
2182,place564,Community_govt,-77.059974,38.886223,['🤓'],🤓
2184,place565,Entertainment,-77.003543,38.886223,"['❤️', '💙', '🎸', '🎶', '👏🏾', '😉', '🤣']",❤️
2189,place566,Eatery,-77.041822,38.89598,"['😊', '🥘', '😋', '😁']",😊
2190,place567,Sports_fitness,-77.021714,38.88193,"['❤️', '🙏🏾']",❤️
2191,place568,Education,-76.995203,38.904426,"['✏️', '✂️', '💜', '💦', '❤️', '💙', '⭐']",✏️
2199,place570,Eatery,-77.007875,38.90499,"['🍚', '😘']",🍚
2213,place571,Transit,-77.021443,38.899148,"['🔥',  '🚒']",🔥
2216,place572,Eatery,-77.00597,38.900083,"['😎', '🍌', '🍴', '👻', '🙌', '🙌🏽', '😊']",😎
2220,place573,,-77.03838,38.897806,"['✨', '💗', '🌸', '❤️', '🙏🏽']",✨
2223,place574,Bar,-77.020263,38.896394,"['🍹', '😋']",🍹
2226,place575,Lodging,-77.044555,38.899252,"['💋', '🍓', '🥃', '😬', '🤸🏾\u200d♀️']",💋
2227,place576,Entertainment,-77.004322,38.880195,"['🎊', '🍫', '✨', '📍', '🎂', '🎉', '💯']",🎊
2228,place577,Sports_fitness,-77.030126,38.894684,"['😂', '😭', '💀']",😂
2232,place578,Bar,-77.064027,38.901408,"['🎤', '❤️']",🎤
2233,place579,Work,-77.024193,38.912872,"['💜', '❤️', '💙', '🏳️\u200d🌈', '💚', '💛']",💜
2234,place580,Eatery,-77.04017,38.897442,"['📸', '👍🏻', '💜', '🥗', '❤️', '👌🏽', '🐷']",📸
2237,place581,Eatery,-76.990753,38.91083,['👌🏻'],👌🏻
2238,place582,Entertainment,-76.99756,38.883126,"['🥓', '🦃', '🍅', '🥑', '🍞']",🥓
2239,place583,Eatery,-76.995889,38.906546,"['🌮', '🤷🏽\u200d♂️', '😭', '✂️', '🏃🏻', '☠️', '😃']",🌮
2242,place584,Work,-77.033415,38.902203,"['🌸', '🎉', '🔥']",🌸
2246,place585,Community_govt,-77.022125,38.877922,"['➡️', '❤️', '👰🏼', '🤵🏼', '🔃', '🖼️']",➡️
2254,place586,Work,-77.038346,38.905411,"['👋', '🍪', '🤓']",👋
2259,place587,Attraction,-76.985062,38.89911,"['🌷', '📸', '🤙🏻', '🚁', '⛅', '🍁', '🍂']",🌷
2260,place588,Education,-77.021955,38.90505,"['💁🏻', '🐶', '🎉', '🏀', '👠', '📈']",💁🏻
2261,place589,Entertainment,-77.042313,38.913826,"['📺', '❤️', '😭', '💕']",📺
2267,place590,Nature,-77.092514,38.894111,['😉'],😉
2275,place591,Religious,-77.02034,38.90307,"['🚨','🎶']",🚨
2276,place592,Eatery,-77.025211,38.878791,"['❣️', '👻', '❤️', '👋🏼']",❣️
2281,place593,Bar,-77.02085,38.899424,"['🍹', '💃', '🔥']",🍹
2282,place594,Transit,-77.066512,38.917971,"['💞', '🌅', '🔥']",💞
2284,place595,Eatery,-77.06039,38.905261,"['🤤', '😲']",🤤
2286,place596,Bar,-76.9995,38.901354,['❤️'],❤️
2288,place597,Work,-77.026528,38.905009,"['☕', '🔥', '👐🏾', '⛳']",☕
2293,place598,Eatery,-77.064128,38.896408,['🥞'],🥞
2294,place599,Education,-77.026794,38.84766,"['👦🏽', '👨🏿', '👩🏾', '👧🏼', '👨🏻']",👦🏽
2298,place600,Religious,-77.021888,38.899953,"['🦄', '🙏🏾', '❤️', '💡', '✊🏾']",🦄
2299,place601,Bar,-77.032238,38.883479,"['🇩🇪', '🍺', '👌🏼']",🇩🇪
2303,place602,Z_Other,-77.021788,38.904987,['🚨'],🚨
2309,place603,Eatery,-77.031611,38.905388,"['🍕', '🤗']",🍕
2315,place604,Z_Other,-77.038453,38.900004,"['❤️', '😎', '🙏', '⭐']",❤️
2319,place605,Bar,-77.024943,38.862476,['💜'],💜
2320,place606,Bar,-77.043384,38.903285,['🙌🏽'],🙌🏽
2323,place607,Work,-77.048922,38.85821,"['➡️', '❤️', '😩', '❗', '🤣', '😭', '🔥']",➡️
2324,place608,Animal,-77.022639,38.908747,"['🐱', '☕', '😺', '✨']",🐱
2325,place609,Eatery,-77.078823,38.905658,"['😍', '😂', '🤔']",😍
2330,place610,Eatery,-77.089129,38.90405,"['💃🏾', '💁🏾', '👩🏾\u200d💻']",💃🏾
2331,place611,Medical,-76.996929,38.910375,"['📍', '🐝']",📍
2332,place612,Service,-76.997627,38.903149,"['💁🏾', '💪🏾']",💁🏾
2334,place613,Bar,-77.027027,38.900552,"['😘', '🎈', '🌥️', '✨', '☁️', '😍', '😩']",😘
2335,place614,Eatery,-77.054038,38.90191,"['🍻', '🌿', '😋', '💚', '😎', '😂', '🍒']",🍻
2350,place615,Bar,-77.065969,38.916275,['❤️'],❤️
2353,place616,Bar,-77.016649,38.90612,"['😘','🙏🏽']",😘
2355,place617,Eatery,-77.046796,38.906642,"['🍕', '😋', '🙏🏾', '👀', '😊', '💖', '😎']",🍕
2358,place618,Entertainment,-77.030592,38.885117,['🎺'],🎺
2371,place619,Eatery,-77.03143,38.895342,"['📸', '🏅']",📸
2373,place620,Shopping,-77.022457,38.903499,"['❤️', '🍓', '🔥']",❤️
2375,place621,Bar,-77.059565,38.905524,"['🍻', '🏈', '🍔', '🎃', '📸', '🍕']",🍻
2377,place622,Education,-77.081756,38.905,"['😕', '🤷🏾\u200d♂️', '😔', '❤️', '🙁']",😕
2384,place623,Transit,-77.041252,38.901706,"['🤔', '🚇', '☕', '🍩']",🤔
2394,place624,Nature,-76.995166,38.863818,"['✈️', '😘', '🖕🏼', '📷', '🙂', '🚴', '🙄']",✈️
2400,place625,Z_Other,-77.000489,38.89691,"['😎', '🏈', '🍻']",😎
2409,place626,Work,-77.045964,38.909608,['😂'],😂
2419,place627,Lodging,-77.022148,38.864005,"['😊', '😂', '✊🏾']",😊
2424,place628,Education,-76.986956,38.90579,"['🙄', '🇪🇺']",🙄
2426,place629,Community_govt,-77.096907,38.89495,['😍'],😍
2436,place630,Bar,-77.043957,38.905312,"['🚨', '🐃', '❤️', '🙌']",🚨
2442,place631,Z_Other,-77.089996,38.89609,"['😂']",😂
2450,place632,Entertainment,-77.016068,38.90537,"['😢', '🎥']",😢
2455,place633,Eatery,-77.060114,38.902856,"['🌔', '💕', '👍🏻', '👸🏻', '🍔', '🤷🏻\u200d♂️', '🚗']",🌔
2465,place634,Shopping,-77.048916,38.907636,"['👟', '😴', '🔥']",👟
2470,place635,Transit,-77.041714,38.897212,['😀'],😀
2471,place636,Medical,-77.034394,38.89911,"['💆', '💆\u200d♂️']",💆
2472,place637,Eatery,-77.031745,38.905734,"['📍', '👋🏽']",📍
2474,place638,Z_Other,-77.059803,38.904393,"['😍', '😐', '🌎']",😍
2477,place639,Transit,-77.02168,38.86673,['😊'],😊
2487,place640,Eatery,-77.08384,38.909732,"['😂', '🍍', '🌴', '🤦🏾\u200d♂️', '☺️', '🌺', '🐝']",😂
2488,place641,Bar,-77.011694,38.908535,"['🎉', '📍', '❤️', '🎓']",🎉
2490,place642,Lodging,-77.019908,38.904773,"['🙌', '👋🏼']",🙌
2491,place643,Z_Other,-77.02785,38.864786,['💛'],💛
2494,place644,Z_Other,-76.997667,38.904294,['😎'],😎
2495,place645,Community_govt,-77.040365,38.89676,"['🚒', '🔥']",🚒
2507,place646,Sports_fitness,-77.063618,38.908245,"['✨', '😘', '😂', '🌹', '😩', '😎', '🌤️']",✨
2512,place647,Work,-77.021849,38.89985,"['👋', '🔥']",👋
2521,place648,Eatery,-77.025755,38.9037,"['🙂', '❤️']",🙂
2523,place649,Eatery,-76.980809,38.899235,"['➖', '😉', '💡', '🌏', '☺️']",➖
2525,place650,Bar,-76.998341,38.899481,"['😂', '🎉', '🤝']",😂
2533,place651,Z_Other,-77.010252,38.867204,['💯'],💯
2570,place652,Education,-77.031739,38.897102,['😍'],😍
2571,place653,Attraction,-77.022062,38.893051,"['🎤', '🎼']",🎤
2577,place654,Bar,-77.027955,38.903754,['💵'],💵
2581,place655,Entertainment,-77.024,38.900373,"['😍', '🎭', '😳', '😀']",😍
2582,place656,Animal,-77.043242,38.904144,"['🤳🏻', '🐯', '💛', '☺️']",🤳🏻
2584,place657,Bar,-77.031723,38.89798,['🍷'],🍷
2587,place658,Bar,-77.037123,38.915414,"['🍸', '❤️', '🥂', '🍷', '😉', '🍹', '✨']",🍸
2595,place659,Entertainment,-77.034084,38.902518,['🙌🏽'],🙌🏽
2599,place660,Eatery,-76.990736,38.898005,"['😉', '📷', '🤗']",😉
2603,place661,Transit,-77.06514,38.895926,['🖤'],🖤
2606,place662,Lodging,-77.042703,38.915221,"['👍', '❤️', '📌']",👍
2611,place663,,-77.021712,38.917797,['🇺🇸'],🇺🇸
2614,place664,Transit,-77.045928,38.8972,['🏪'],🏪
2616,place665,Community_govt,-76.987297,38.896728,['🍁'],🍁
2618,place666,,-77.019329,38.901502,"['🍷', '🏉', '🍕', '🥂', '😍', '🍻']",🍷
2635,place669,Z_Other,-77.049517,38.917192,['😅'],😅
2645,place670,Shopping,-77.049925,38.877356,"['😂', '🔥', '😄', '🤷🏽\u200d♂️', '💅🏼', '💦', '☠️']",😂
2657,place671,,-77.005792,38.914581,"['📍', '☎️']",📍
2679,place672,Attraction,-76.98525,38.907192,"['😍', '🕊️', '🔥']",😍
2683,place673,Eatery,-77.083661,38.90513,['🌹'],🌹
2687,place674,Eatery,-77.032094,38.896413,"['👍🏼', '😂', '🚶🏼\u200d♀️']",👍🏼
2689,place675,Eatery,-77.084123,38.908168,"['😂', '🖤', '💙', '💖', '😎']",😂
2692,place676,Nature,-77.046561,38.86708,"['🛶', '☀️', '🌊']",🛶
2708,place677,Bar,-77.022551,38.916808,"['🍹', '🔥', '💓', '😍', '😩']",🍹
2710,place678,Eatery,-76.989139,38.899957,['😘'],😘
2711,place679,Bar,-77.032926,38.854885,"['⭕', '😐']",⭕
2714,place680,Attraction,-77.023344,38.895908,"['😋', '♊', '🍴', '😂', '😍', '📱', '🌚']",😋
2716,place681,Transit,-77.060092,38.902824,['🚌'],🚌
2717,place682,Transit,-77.021292,38.896127,['🚌'],🚌
2721,place683,Eatery,-77.021258,38.912091,"['🍦', '😛', '🍨']",🍦
2726,place684,Education,-77.026966,38.90987,"['🎱', '💰', '💯', '🌈']",🎱
2732,place685,Shopping,-77.023485,38.881554,['🔥'],🔥
2735,place686,Attraction,-77.06185,38.899617,"['😉', '✨', '🤘🏾', '👰🏽', '💗']",😉
2740,place687,Eatery,-77.029473,38.896181,['😎'],😎
2760,place688,Attraction,-77.021123,38.917212,['✔️'],✔️
2767,place689,Transit,-77.044452,38.896181,"['😂', '🎉', '😩', '💪', '💯', '💞', '🤣']",😂
2773,place690,Eatery,-77.030425,38.898013,"['🥃', '✨', '😂', '❤️', '🦍', '✈️', '🍻']",🥃
2786,place691,Eatery,-77.020949,38.905568,"['🇮🇹','🍕', '🍷', '🍝']",🇮🇹
2787,place692,Eatery,-77.019921,38.899333,"['✅', '🙌', '😡', '♥️', '☀️']",✅
2788,place693,Sports_fitness,-77.042681,38.888486,['🚨'],🚨
2789,place694,Eatery,-77.028709,38.861234,"['💪🏾', '😊', '😘', '🤓', '💗']",💪🏾
2797,place696,Community_govt,-77.039778,38.885746,"['📍', '👇🏾']",📍
2801,place697,Eatery,-77.019655,38.902729,"['🍁', '☕']",🍁
2814,place699,Service,-77.04629,38.904092,['🤦🏾\u200d♂️'],🤦🏾‍♂️
2820,place700,Entertainment,-77.04021,38.866442,"['😉', '🌍', '👢', '✨', '🌏', '🤗', '👡']",😉
2830,place701,,-77.026662,38.865462,"['🥞', '🍔']",🥞
2831,place702,Work,-77.02417,38.89666,"['🔬', '💼']",🔬
2835,place703,Community_govt,-77.055282,38.901654,['🔴'],🔴
2848,place704,Community_govt,-77.051446,38.905042,"['🙏', '😀', '⬇️']",🙏
2858,place705,Eatery,-77.022174,38.917971,"['🚨', '🍦', '😭']",🚨
2866,place706,Attraction,-77.012283,38.898263,"['💓', '😳', '👅', '😁']",💓
2875,place708,Lodging,-76.995744,38.848677,"['😒', '🔥', '👏', '😍', '📸', '🏢', '👐🏾']",😒
2881,place709,Bar,-77.02069,38.90999,"['🍑', '👀']",🍑
2884,place710,Eatery,-77.038453,38.877272,"['☕', '💜', '❤️', '💙', '🐶', '💚', '💛']",☕
2886,place711,Attraction,-77.032116,38.89986,"['💔', '😪']",💔
2896,place712,Eatery,-77.046759,38.900268,['😂'],😂
2901,place713,Community_govt,-77.017552,38.916851,['😂'],😂
2905,place714,Financial,-77.032185,38.891283,"['📸', '✊🏾']",📸
2906,place715,Eatery,-77.008896,38.909445,"['🍻', '🌿', '😋', '💚', '😎', '😂', '🍒']",🍻
2908,place716,Eatery,-77.089759,38.885855,"['🚨', '🗣️', '😍', '👅']",🚨
2912,place717,Community_govt,-77.006192,38.897736,"['⚖️', '🙄']",⚖️
2918,place718,Z_Other,-77.097227,38.910711,['🏠'],🏠
2922,place719,Entertainment,-77.018013,38.898638,"['💛', '🍯', '✨']",💛
2923,place720,Attraction,-77.065892,38.842637,['🙌🏻'],🙌🏻
2928,place721,Shopping,-77.011237,38.888723,"['🙌🏼', '🎀']",🙌🏼
2929,place722,Eatery,-77.023741,38.900869,"['😍', '🍲', '😊', '🍜']",😍
2930,place723,Education,-77.049415,38.88329,['👍'],👍
2932,place724,Education,-77.00626,38.907064,"['👼🏾', '♥️']",👼🏾
2933,place725,Z_Other,-77.020383,38.901788,['👅'],👅
2935,place726,Religious,-77.041197,38.884796,['👊🏾'],👊🏾
2937,place727,Attraction,-77.022507,38.913088,"['😉', '🤷🏾\u200d♂️', '✨', '👀', '😂', '❤️', '😆']",😉
2941,place728,Eatery,-76.997654,38.907805,"['🐐', '🐰']",🐐
2947,place730,Eatery,-77.02809,38.896153,"['🌮', '🤷🏽\u200d♂️', '😭', '✂️', '🏃🏻', '☠️', '😃']",🌮
2949,place731,Eatery,-77.029653,38.897689,"['🙏', '🌸']",🙏
2951,place732,Education,-77.032385,38.897572,['😌'],😌
2958,place733,Transit,-77.031713,38.907732,"['⬆️', '😞', '⬇️']",⬆️
2959,place734,Eatery,-77.024929,38.840461,['😋'],😋
2960,place735,Attraction,-77.030592,38.911568,"['🚚', '😳', '😣']",🚚
2962,place736,Medical,-77.060289,38.88806,['👍🏾'],👍🏾
2965,place737,Work,-76.986715,38.896748,['😀'],😀
2968,place738,Community_govt,-77.096771,38.902969,['☕'],☕
2969,place739,Eatery,-76.99518,38.892887,['❤️'],❤️
2974,place740,Education,-77.057,38.904575,"['😂', '😬']",😂
2981,place741,Bar,-76.990528,38.911962,"['🍹', '🙌🏽', '💃🏽', '🍸', '🦄', '☠️', '😩']",🍹
2986,place742,Education,-77.062043,38.888505,"['🏒', '🎉']",🏒
2988,place743,Entertainment,-76.997351,38.912049,"['👀', '😘', '🎂', '😈', '👌🏽', '😎', '😌']",👀
2989,place744,Bar,-76.994781,38.869524,"['☕', '❤️', '😯']",☕
3003,place745,Eatery,-77.05314,38.857031,['☕'],☕
3004,place746,Entertainment,-77.041843,38.917065,"['☕', '🎃']",☕
3006,place747,Entertainment,-77.091196,38.910883,['💃🏽'],💃🏽
3007,place748,Eatery,-76.993875,38.907503,['😬'],😬
3009,place749,Z_Other,-77.046543,38.918516,['👀'],👀
3014,place750,Z_Other,-77.032521,38.909651,['🤔'],🤔
3017,place751,Bar,-77.049579,38.894072,['😈'],😈
3020,place752,Community_govt,-77.050276,38.877061,"['❤️', '♻️']",❤️
3022,place753,Attraction,-77.032216,38.899917,['☀️'],☀️
3026,place754,Eatery,-77.042535,38.899167,"['😂', '😋', '😭', '😜', '🍹', '✨', '🤤']",😂
3028,place755,Transit,-77.0914,38.902995,"['🤣', '✈️', '🤠']",🤣
3029,place756,Shopping,-76.995138,38.894103,['😎'],😎
3031,place757,Bar,-77.026157,38.865569,['🍰'],🍰
3045,place758,Eatery,-77.064543,38.909903,['👅'],👅
3046,place759,Sports_fitness,-77.006907,38.915872,['💥'],💥
3047,place760,Bar,-77.063487,38.901078,"['🇺🇸', '❤️']",🇺🇸
3049,place761,Nature,-77.03213,38.909058,"['🏕️', '⏰', '⛺', '😍', '💯', '📲']",🏕️
3053,place762,Shopping,-77.044539,38.901999,"['📍', '🤷🏽\u200d♂️', '😂', '😈', '😎']",📍
3054,place763,Eatery,-77.005214,38.914343,"['💃🏾', '🥂', '👌🏾', '🤦🏽\u200d♂️', '⚡', '💛', '🍾']",💃🏾
3059,place764,Bar,-76.985807,38.899093,"['🎙️', '🌏']",🎙️
3067,place765,Nature,-77.021778,38.915471,"['✊🏾', '👏🏻', '✊🏽', '✊🏼', '✊🏿', '🚲']",✊🏾
3068,place766,Bar,-76.995056,38.9099,"['🏈', '🐊']",🏈
3071,place767,Nature,-77.041444,38.909453,['➡️'],➡️
3073,place768,Eatery,-77.019239,38.89202,"['🥂', '🍗', '🐓', '😁', '🥞']",🥂
3074,place769,Shopping,-77.008588,38.89395,"['😁', '✌🏾']",😁
3077,place770,Shopping,-77.056157,38.917209,['😂'],😂
3080,place771,Eatery,-77.043412,38.898559,"['✨', '💜', '💣', '❤️']",✨
3081,place772,Lodging,-77.016208,38.91173,"['💰', '🤙🏽', '🎉', '🤘🏽', '🏛️']",💰
3088,place773,Z_Other,-77.038409,38.89815,"['🤷🏾\u200d♂️', '⚡']",🤷🏾‍♂️
3091,place774,Z_Other,-77.00223,38.900238,"['🍺', '🔥', '🍻']",🍺
3092,place775,Transit,-77.033764,38.899154,"['🍍', '😊', '👟', '💫', '❤️']",🍍
3098,place776,Eatery,-77.040342,38.908297,['😋'],😋
3108,place777,Eatery,-77.018688,38.900541,"['🍕', '👅']",🍕
3110,place778,Eatery,-77.00937,38.902481,"['🖤', '🍴', '✨', '🥂', '😍']",🖤
3121,place779,Religious,-77.091669,38.886264,['✝️'],✝️
3127,place780,,-77.057057,38.898534,['🌹'],🌹
3136,place781,Z_Other,-76.996018,38.912608,['📸'],📸
3147,place782,Eatery,-77.02387,38.904864,"['🍃', '💯']",🍃
3158,place783,Entertainment,-76.990253,38.888676,"['🍃', '😎', '💯']",🍃
3162,place784,Education,-77.03143,38.901828,"['❤️', '🎓', '🎉', '💙', '✨', '✌🏼', '💛']",❤️
3164,place785,Eatery,-77.019706,38.899683,"['❤️', '🤤', '🤷🏽\u200d♂️', '😘', '😯', '😁', '💵']",❤️
3169,place786,Entertainment,-77.030126,38.892743,"['😩', '🎨', '😏']",😩
3171,place787,Eatery,-76.996409,38.851733,['🤤'],🤤
3177,place788,Eatery,-77.07822,38.847873,['🏚️'],🏚️
3183,place789,Work,-77.021326,38.90754,"['👌', '😉']",👌
3188,place790,Eatery,-77.056349,38.864891,"['🙃', '😅', '😴']",🙃
3194,place791,,-77.049662,38.906226,['💓'],💓
3204,place793,Education,-76.989296,38.907005,['🤗'],🤗
3205,place794,Lodging,-77.029918,38.862249,['😘'],😘
3207,place795,Work,-77.025421,38.907543,['👏🏻'],👏🏻
3210,place796,Entertainment,-77.042633,38.907404,['👀'],👀
3213,place797,Education,-77.044973,38.876989,['🏀'],🏀
3214,place798,Z_Other,-77.065438,38.856211,"['💕', '😛', '😈', '😚', '🔮']",💕
3224,place799,Transit,-77.033449,38.900078,"['🌟', '❤️', '♥️', '😏', '🤗', '🌧️', '🌸']",🌟
3225,place800,Community_govt,-77.048848,38.90004,['🙌🏾'],🙌🏾
3231,place801,Community_govt,-77.054654,38.897092,"['📍', '🏈', '🙌🏾']",📍
3236,place802,Eatery,-77.048995,38.91751,"['🤦\u200d♂️', '🔥']",🤦‍♂️
3239,place805,Work,-77.020168,38.907298,"['🌍', '📂', '👀']",🌍
3241,place806,Medical,-76.990275,38.90086927,['👏🏻'],👏🏻
3245,place807,Bar,-77.013673,38.90668214,"['🍺', '😂', '🤦🏽\u200d♀️', '🎉', '🌈']",🍺
3248,place808,Bar,-77.021938,38.918393,['👻'],👻
3257,place809,Nature,-77.031959,38.857455,"['😍', '❤️']",😍
3260,place810,Eatery,-77.045511,38.856508,"['🖤', '☕']",🖤
3263,place811,Transit,-77.001406,38.89861,"['🥀', '🚬', '👌', '🙌🏼']",🥀
3264,place812,Education,-76.996408,38.874304,"['😊', '👍🏽', '👀']",😊
3265,place813,Attraction,-77.001665,38.91142,['🌾'],🌾
3266,place814,Attraction,-77.03265,38.902489,['📱'],📱
3270,place815,Eatery,-76.995192,38.904015,"['🍕', '😍']",🍕
3285,place816,Bar,-76.99749,38.879228,['🍷'],🍷
3290,place817,Eatery,-77.087474,38.889251,"['🙈', '🚴🏻', '❤️', '🙏🏼', '😍', '🏀', '🌸']",🙈
3296,place818,Lodging,-77.009224,38.89924,['😁'],😁
3298,place819,Medical,-77.019893,38.915462,"['♊', '👊🏽']",♊
3301,place820,,-77.032185,38.919616,['🤓'],🤓
3302,place821,Work,-77.09336,38.856634,['👏🏿'],👏🏿
3303,place822,Community_govt,-76.985224,38.89502,['👏🏿'],👏🏿
3305,place823,Lodging,-77.04186,38.914319,"['😈', '😩', '🏳️\u200d🌈', '🙌🏾']",😈
3319,place824,Education,-77.023425,38.885664,"['😐', '😴', '😭', '🚮']",😐
3321,place825,Work,-77.06541,38.876267,"['🍷', '👏🏻', '💁🏻', '❤️', '🎉']",🍷
3329,place826,Shopping,-77.044609,38.907596,"['😂', '😒']",😂
3337,place827,Attraction,-77.062965,38.885245,['😈'],😈
3340,place828,Education,-77.02932,38.907541,"['💻', '💥', '🍫', '🙌', '🤘🏽', '😅', '🎃']",💻
3341,place829,Z_Other,-77.011243,38.892806,"['🎉', '😎', '🍻']",🎉
3342,place830,Eatery,-77.062998,38.907105,['😍'],😍
3344,place831,Transit,-77.005953,38.907062,"['🍺', '🍹']",🍺
3346,place832,Z_Other,-77.041537,38.903326,"['😍', '🌭', '🍟']",😍
3352,place833,Attraction,-77.064831,38.894869,"['😉', '🔥', '📚', '😍', '😎', '🚘']",😉
3377,place834,Eatery,-77.006918,38.886825,['😩'],😩
3393,place835,Sports_fitness,-76.997668,38.902789,['🐢'],🐢
3398,place836,Eatery,-77.047806,38.89348,"['☕', '😂', '❤️', '😍', '💜', '💛', '🦄']",☕
3417,place837,Transit,-76.99005,38.896416,"['✌🏾', '💩', '✌️']",✌🏾
3421,place838,Attraction,-76.993818,38.905286,['😉'],😉
3429,place839,Shopping,-77.010169,38.909071,['🐘'],🐘
3432,place840,Transit,-76.996895,38.849919,['🚗'],🚗
3437,place841,Nature,-77.069463,38.917046,['🌪️'],🌪️
3438,place842,Bar,-77.072953,38.914086,"['💃🏾', '🌃']",💃🏾
3439,place843,Eatery,-77.024531,38.913785,['💯'],💯
3440,place844,Work,-77.044283,38.903639,['☮️'],☮️
3445,place845,Education,-77.012924,38.893362,['😈'],😈
3449,place846,Eatery,-76.983317,38.91277,"['💓', '😩', '💕', '👸🏽']",💓
3450,place847,Eatery,-77.012857,38.874883,['❤️'],❤️
3452,place848,Eatery,-77.001367,38.895175,"['☕', '💪🏻']",☕
3455,place849,Shopping,-77.075129,38.8663,"['❤️', '😬', '👑', '😘']",❤️
3457,place850,Nature,-77.004654,38.85382,"['😉', '😘']",😉
3464,place851,Shopping,-77.000118,38.897481,"['😍', '⚡', '🎧', '🎈']",😍
3472,place852,Bar,-77.03463,38.915406,['🙌🏼'],🙌🏼
3476,place853,Service,-77.04046,38.89858,"['😊', '❤️']",😊
3483,place854,Community_govt,-77.031942,38.900009,['😒'],😒
3484,place855,Entertainment,-77.077422,38.901385,"['💕', '🤞🏽']",💕
3487,place856,Attraction,-77.014696,38.875663,['😍'],😍
3488,place857,Sports_fitness,-77.075932,38.905635,"['💛', '🍋', '👍🏻', '😱', '💜', '❤️', '💙']",💛
3490,place858,Lodging,-76.982941,38.89741,"['❤️', '💙', '😂', '😭', '🤗', '📌', '💗']",❤️
3496,place859,Eatery,-77.097913,38.900336,['🌟'],🌟
3501,place860,Z_Other,-77.027736,38.887115,['📍'],📍
3511,place861,Z_Other,-77.075404,38.882439,"['😳', '😭']",😳
3516,place862,Shopping,-77.077382,38.901899,"['🕳️', '🔝', '🍆', '💦', '🤘🏾', '🍑']",🕳️
3517,place863,,-76.998617,38.887876,['😑'],😑
3525,place864,Bar,-76.994323,38.898605,['☺️'],☺️
3527,place865,Bar,-76.999547,38.910319,"['📍', '🥂', '👏🏽']",📍
3529,place866,Eatery,-76.999303,38.863426,"['🥓', '🦃', '🤤', '🍞', '🥑', '💭']",🥓
3530,place867,Community_govt,-77.048106,38.894146,"['😎', '🙌🏼', '🤔', '✨']",😎
3534,place868,Transit,-77.045441,38.898046,"['😂', '❤️']",😂
3537,place869,Z_Other,-77.002014,38.901052,"['🤞🏾', '🌟', '😌', '😉']",🤞🏾
3544,place870,Education,-77.039898,38.91558,"['☀️', '👌', '🍔']",☀️
3552,place871,Eatery,-77.088713,38.910721,"['☕', '😂', '❤️', '😍', '💜', '💛', '🦄']",☕
3554,place872,Community_govt,-77.075014,38.897854,"['⤵️', '🇺🇸']",⤵️
3555,place873,Lodging,-77.048843,38.892925,"['👐🏾', '💫', '🌴', '👏🏾', '👹']",👐🏾
3556,place874,Community_govt,-77.050692,38.908203,['🤦🏽\u200d♀️'],🤦🏽‍♀️
3557,place875,Eatery,-77.040775,38.882973,"['☕', '😂', '❤️', '😍', '💜', '💛', '🦄']",☕
3558,place876,Education,-77.050721,38.880396,['💛'],💛
3560,place877,Lodging,-77.021787,38.917015,"['💩', '🔝', '👃🏾']",💩
3562,place878,Lodging,-77.049894,38.881189,"['👉🏾', '👋🏾', '👌🏾']",👉🏾
3566,place879,Z_Other,-77.068338,38.894903,"['🍷', '🧀']",🍷
3567,place880,Z_Other,-77.074353,38.890385,['👏🏾'],👏🏾
3569,place881,Nature,-77.036243,38.888623,['😂'],😂
3572,place882,Nature,-77.087258,38.899817,['❤️'],❤️
3575,place883,Z_Other,-77.041169,38.915338,"['☔', '✨']",☔
3580,place884,Shopping,-77.091799,38.906396,"['🔥', '😏', '💯', '🔝', '😄', '😴']",🔥
3587,place885,,-77.050252,38.866846,"['♥️', '🍻']",♥️
3598,place886,Eatery,-77.077006,38.87494,"['😈', '😎', '🔥']",😈
3601,place887,Bar,-77.048073,38.896707,['🌈'],🌈
3614,place889,Transit,-77.021894,38.897547,"['🦆', '😂', '😡', '🎶', '😬']",🦆
3623,place890,Z_Other,-77.072245,38.906528,['🤷🏻\u200d♂️'],🤷🏻‍♂️
3626,place891,Service,-77.021927,38.905106,"['🌍', '🌺', '🌼', '🌸']",🌍
3627,place892,Entertainment,-77.023086,38.902611,"['❤️', '🙄']",❤️
3629,place893,Lodging,-77.09471,38.886772,"['❤️', '🙏', '🍫']",❤️
3637,place894,Eatery,-76.996772,38.903424,['🎓'],🎓
3642,place895,Bar,-77.077557,38.900481,"['🍔', '🍺', '😍', '🌭', '😡', '🙌🏼', '😋']",🍔
3658,place896,Z_Other,-77.034157,38.894755,"['📸', '👗']",📸
3661,place897,Community_govt,-77.005211,38.915484,"['🍸', '😋', '⚰️', '👨🏻\u200d⚖️', '👠']",🍸
3662,place898,Eatery,-77.02131,38.87118,"['☕', '😂', '❤️', '😍', '💜', '💛', '🦄']",☕
3663,place899,Shopping,-77.046413,38.914866,['⭐'],⭐
3667,place900,Eatery,-76.988346,38.916838,"['☕', '😂', '❤️', '😍', '💜', '💛', '🦄']",☕
3678,place901,Z_Other,-76.996247,38.853044,"['☕', '👌🏾']",☕
3680,place902,Work,-76.980359,38.916848,['🎶'],🎶
3683,place903,Eatery,-76.994913,38.909735,['🔥'],🔥
3689,place904,Attraction,-77.087949,38.90002,"['🥀', '💃🏻', '🍩', '😒', '✊🏽', '😅', '💞']",🥀
3693,place905,Service,-77.072013,38.89716,"['😍', '💋', '😝', '✨']",😍
3696,place906,Education,-77.073576,38.894026,"['💕', '😭', '🔥', '✔️', '🥊', '🐱', '💻']",💕
3698,place907,Eatery,-77.07252,38.89851,"['🌟', '🦄', '🎶', '🙏', '👑']",🌟
3700,place908,,-76.993346,38.912373,"['😍', '🍷', '🙌🏼']",😍
3703,place909,Attraction,-77.072588,38.898815,"['📫', '📣', '💫', '👺', '👹', '🦇', '🐦']",📫
3704,place910,Attraction,-77.072211,38.900084,"['😂', '😳', '🙌', '🙌🏽', '😊', '❤️', '💖']",😂
3716,place911,Shopping,-76.995354,38.901892,['😒'],😒
3719,place912,Entertainment,-76.989145,38.852905,"['💥', '📸', '🔥', '🙌🏼', '🎶', '🎸', '💃']",💥
3721,place913,Financial,-77.034354,38.896089,"['😻', '😂', '😭']",😻
3723,place914,Eatery,-77.05244,38.905378,['😓'],😓
3728,place915,Eatery,-77.043676,38.917047,"['☔', '🍴', '🌧️', '🙌🏼', '👋🏼', '☺️', '🐶']",☔
3733,place916,Community_govt,-77.020218,38.905244,['🙏'],🙏
3735,place918,Eatery,-77.073808,38.917721,"['💯', '🤔', '🤧', '🙄', '😕', '🤢', '😂']",💯
3736,place919,Bar,-77.072817,38.900296,['😍'],😍
3737,place920,,-77.04780579,38.896285,['😰'],😰
3742,place922,Z_Other,-77.019363,38.897384,['☕'],☕
3747,place924,Entertainment,-76.987694,38.917909,"['😎', '👀']",😎
3752,place925,Lodging,-77.013082,38.894864,"['📍', '❤️', '😏', '🎤', '🤘🏽', '😴']",📍
3754,place926,Lodging,-77.000245,38.897095,"['💤', '🤴🏾', '☯️', '🌰', '🍆']",💤
3768,place928,Bar,-77.032294,38.894065,"['😑', '🍻']",😑
3770,place930,Bar,-77.017901,38.915013,"['😩', '💯', '🌮']",😩
3775,place931,Eatery,-77.003721,38.901244,['💯'],💯
3778,place932,Bar,-77.045846,38.908016,"['📚', '🏠', '📈', '✏️', '😋']",📚
3780,place933,Eatery,-77.04629,38.906508,"['❤️', '🤤', '🤷🏽\u200d♂️', '😘', '😯', '😁', '💵']",❤️
3788,place935,Eatery,-76.990888,38.882128,"['🍩', '😋', '💣', '😘', '📺', '☺️', '😢']",🍩
3797,place937,Z_Other,-77.004938,38.872294,['🤣'],🤣
3800,place938,Education,-77.094719,38.916315,['👌🏻'],👌🏻
3802,place939,Eatery,-77.081108,38.906541,"['🍷', '😋', '☀️', '✨']",🍷
3804,place940,Nature,-77.073048,38.900829,['🥂'],🥂
3805,place941,Eatery,-76.984881,38.899015,['🎉'],🎉
3809,place942,Eatery,-77.077371,38.900443,"['🤓', '👌🏾', '😐', '🐰', '🥕']",🤓
3813,place943,Attraction,-77.004179,38.876707,['😂'],😂
3815,place944,,-77.074971,38.897384,['💘'],💘
3819,place945,Bar,-77.051648,38.90515,['🤷🏻\u200d♀️'],🤷🏻‍♀️
3830,place946,Eatery,-77.026201,38.905133,"['🚨', '🗣️']",🚨
3832,place947,Lodging,-77.070583,38.901535,"['💵', '🔥', '☝🏾', '🙁', '😎', '🚴', '🐑']",💵
3837,place948,Service,-77.03707,38.900361,"['✨', '💁🏻', '❤️', '🥂', '💆🏻', '🍊', '🍾']",✨
3838,place949,Eatery,-77.022943,38.900227,['😊'],😊
3844,place950,Sports_fitness,-77.020994,38.909827,"['😍', '👍🏼', '😂', '👏🏼']",😍
3850,place951,Nature,-77.021106,38.909685,['💕'],💕
3857,place952,Eatery,-77.032622,38.899887,"['😎', '💃🏻', '🍾']",😎
3865,place953,Bar,-77.020957,38.910642,['😘'],😘
3874,place954,Eatery,-77.055702,38.899982,"['☕', '😂', '❤️', '😍', '💜', '💛', '🦄']",☕
3880,place955,Transit,-77.031931,38.895658,"['🐌', '😉', '❤️']",🐌
3886,place956,Bar,-77.023805,38.90826,"['❤️', '🔥']",❤️
3894,place957,Z_Other,-77.024132,38.888902,"['🦀', '☹️', '😁', '👑', '😋']",🦀
3897,place958,Bar,-77.025812,38.897045,['😍'],😍
3906,place959,Bar,-77.022996,38.900404,['😭'],😭
3908,place960,,-77.043064,38.905765,['📚'],📚
3913,place962,Sports_fitness,-77.028984,38.901444,['⚽'],⚽
3923,place963,Shopping,-77.02051,38.843285,"['👌🏼', '🍔']",👌🏼
3925,place964,Sports_fitness,-77.031751,38.901496,['😅'],😅
3927,place965,Nature,-77.036871,38.905175,"['👸🏽', '📸']",👸🏽
3929,place966,Education,-77.002857,38.90847,['😳'],😳
3931,place967,Eatery,-77.029473,38.899001,['😑'],😑
3944,place968,Attraction,-77.040235,38.915045,"['🤷🏽\u200d♂️', '📸', '😉', '😊', '💦', '❤️', '👌🏾']",🤷🏽‍♂️
3950,place969,Z_Other,-76.987587,38.910295,['😍'],😍
3954,place970,Education,-76.994061,38.916665,"['😍', '🎤', '😆', '🙏']",😍
3957,place971,Attraction,-77.046808,38.911626,"['❤️', '🌎']",❤️
3961,place972,Transit,-77.072812,38.906447,['👀'],👀
3963,place973,Education,-77.055628,38.897394,['❤️'],❤️
3965,place974,Eatery,-77.016014,38.900786,['🤤'],🤤
3967,place975,Community_govt,-77.026863,38.916447,['🐷'],🐷
3979,place976,Z_Other,-77.045363,38.894256,"['💉', '💯']",💉
3981,place977,Community_govt,-77.031841,38.843696,"['🍕', '🎉', '🌭']",🍕
3982,place978,,-76.996368,38.884927,['🤦🏾\u200d♂️'],🤦🏾‍♂️
4000,place979,Shopping,-77.031798,38.900514,"['😩', '❤️', '🐝', '😭']",😩
4001,place980,Z_Other,-77.031413,38.900711,"['💜', '🏙️']",💜
4006,place981,Sports_fitness,-77.031698,38.905374,['✌️'],✌️
4012,place982,Work,-77.055522,38.905312,"['✨', '🔥', '💡', '🤓', '💪', '😎', '🚒']",✨
4013,place983,Eatery,-77.021281,38.88806,"['😂', '📷', '👌🏼']",😂
4014,place984,Attraction,-77.023665,38.900778,"['👀', '👻', '➡️', '😘', '☝🏾', '😂', '🙅🏾\u200d♂️']",👀
4018,place985,Z_Other,-77.047076,38.901408,"['🙌🏼', '🍜', '📷', '😭', '😜', '😍', '☔']",🙌🏼
4020,place986,Eatery,-77.03463,38.916933,['😊'],😊
4022,place987,Eatery,-76.983599,38.896182,['😍'],😍
4029,place989,Education,-77.082278,38.892015,"['😂', '🌳']",😂
4034,place990,Shopping,-77.061604,38.916872,"['🌿', '🍓', '🍪', '💐']",🌿
4035,place991,Education,-77.027623,38.882407,"['😎', '💰', '👌🏾']",😎
4039,place992,Bar,-77.008452,38.843103,"['📸', '👱🏽', '💡', '😅']",📸
4043,place993,Education,-76.989989,38.914223,"['❤️', '😁']",❤️
4046,place994,Work,-76.990309,38.895884,"['💃🏾', '😌', '🙌🏾']",💃🏾
4049,place995,Eatery,-77.055167,38.867183,['🍷'],🍷
4052,place997,Z_Other,-77.040797,38.910807,"['🤘🏼', '💥', '👁️', '✨']",🤘🏼
4053,place998,Bar,-77.023754,38.890046,"['🍴', '🤙🏻', '🍺', '😋', '🤔']",🍴
4060,place999,Eatery,-77.02123,38.899891,"['🤤', '🍪', '🥄']",🤤
